cell_id,i_n,i_log_eta,i_log_sy,i_W,i_H,n_lo,n_hi,log_eta_lo,log_eta_hi,log_sy_lo,log_sy_hi,W_lo,W_hi,H_lo,H_hi,current_n,target_n,deficit,est_particles,est_cost,machine_id
10,2,2,0,0,0,0.6500000005,0.82500000075,2.6867968848946537,4.195289680275427,-5.6623075877008215,-2.7488645537486205,2.0,3.25000000025,2.0,3.25000000025,100,150,50,162078.90417898312,8103945.208949156,0
12,0,3,0,0,0,0.3,0.47500000025,4.195289680275427,5.703782475656201,-5.6623075877008215,-2.7488645537486205,2.0,3.25000000025,2.0,3.25000000025,100,150,50,162078.90417898312,8103945.208949156,0
13,1,3,0,0,0,0.47500000025,0.6500000005,4.195289680275427,5.703782475656201,-5.6623075877008215,-2.7488645537486205,2.0,3.25000000025,2.0,3.25000000025,100,150,50,162078.90417898312,8103945.208949156,0
18,2,0,1,0,0,0.6500000005,0.82500000075,-0.3301887058668941,1.1783040895138797,-2.7488645537486205,0.16457848020358057,2.0,3.25000000025,2.0,3.25000000025,100,150,50,162078.90417898312,8103945.208949156,0
19,3,0,1,0,0,0.82500000075,1.000000001,-0.3301887058668941,1.1783040895138797,-2.7488645537486205,0.16457848020358057,2.0,3.25000000025,2.0,3.25000000025,100,150,50,162078.90417898312,8103945.208949156,0
21,1,1,1,0,0,0.47500000025,0.6500000005,1.1783040895138797,2.6867968848946537,-2.7488645537486205,0.16457848020358057,2.0,3.25000000025,2.0,3.25000000025,100,150,50,162078.90417898312,8103945.208949156,0
24,0,2,1,0,0,0.3,0.47500000025,2.6867968848946537,4.195289680275427,-2.7488645537486205,0.16457848020358057,2.0,3.25000000025,2.0,3.25000000025,100,150,50,162078.90417898312,8103945.208949156,0
26,2,2,1,0,0,0.6500000005,0.82500000075,2.6867968848946537,4.195289680275427,-2.7488645537486205,0.16457848020358057,2.0,3.25000000025,2.0,3.25000000025,100,150,50,162078.90417898312,8103945.208949156,0
28,0,3,1,0,0,0.3,0.47500000025,4.195289680275427,5.703782475656201,-2.7488645537486205,0.16457848020358057,2.0,3.25000000025,2.0,3.25000000025,100,150,50,162078.90417898312,8103945.208949156,0
29,1,3,1,0,0,0.47500000025,0.6500000005,4.195289680275427,5.703782475656201,-2.7488645537486205,0.16457848020358057,2.0,3.25000000025,2.0,3.25000000025,100,150,50,162078.90417898312,8103945.208949156,0
32,0,0,2,0,0,0.3,0.47500000025,-0.3301887058668941,1.1783040895138797,0.16457848020358057,3.0780215141557807,2.0,3.25000000025,2.0,3.25000000025,100,150,50,162078.90417898312,8103945.208949156,0
34,2,0,2,0,0,0.6500000005,0.82500000075,-0.3301887058668941,1.1783040895138797,0.16457848020358057,3.0780215141557807,2.0,3.25000000025,2.0,3.25000000025,109,150,41,162078.90417898312,6645235.071338308,0
41,1,2,2,0,0,0.47500000025,0.6500000005,2.6867968848946537,4.195289680275427,0.16457848020358057,3.0780215141557807,2.0,3.25000000025,2.0,3.25000000025,100,150,50,162078.90417898312,8103945.208949156,0
42,2,2,2,0,0,0.6500000005,0.82500000075,2.6867968848946537,4.195289680275427,0.16457848020358057,3.0780215141557807,2.0,3.25000000025,2.0,3.25000000025,141,150,9,162078.90417898312,1458710.137610848,0
48,0,0,3,0,0,0.3,0.47500000025,-0.3301887058668941,1.1783040895138797,3.0780215141557807,5.991464548107982,2.0,3.25000000025,2.0,3.25000000025,100,150,50,162078.90417898312,8103945.208949156,0
50,2,0,3,0,0,0.6500000005,0.82500000075,-0.3301887058668941,1.1783040895138797,3.0780215141557807,5.991464548107982,2.0,3.25000000025,2.0,3.25000000025,100,150,50,162078.90417898312,8103945.208949156,0
80,0,0,1,1,0,0.3,0.47500000025,-0.3301887058668941,1.1783040895138797,-2.7488645537486205,0.16457848020358057,3.25000000025,4.5000000005,2.0,3.25000000025,100,150,50,226910.46586094942,11345523.293047471,0
81,1,0,1,1,0,0.47500000025,0.6500000005,-0.3301887058668941,1.1783040895138797,-2.7488645537486205,0.16457848020358057,3.25000000025,4.5000000005,2.0,3.25000000025,100,150,50,226910.46586094942,11345523.293047471,0
83,3,0,1,1,0,0.82500000075,1.000000001,-0.3301887058668941,1.1783040895138797,-2.7488645537486205,0.16457848020358057,3.25000000025,4.5000000005,2.0,3.25000000025,100,150,50,226910.46586094942,11345523.293047471,0
88,0,2,1,1,0,0.3,0.47500000025,2.6867968848946537,4.195289680275427,-2.7488645537486205,0.16457848020358057,3.25000000025,4.5000000005,2.0,3.25000000025,100,150,50,226910.46586094942,11345523.293047471,0
90,2,2,1,1,0,0.6500000005,0.82500000075,2.6867968848946537,4.195289680275427,-2.7488645537486205,0.16457848020358057,3.25000000025,4.5000000005,2.0,3.25000000025,100,150,50,226910.46586094942,11345523.293047471,0
93,1,3,1,1,0,0.47500000025,0.6500000005,4.195289680275427,5.703782475656201,-2.7488645537486205,0.16457848020358057,3.25000000025,4.5000000005,2.0,3.25000000025,100,150,50,226910.46586094942,11345523.293047471,0
103,3,1,2,1,0,0.82500000075,1.000000001,1.1783040895138797,2.6867968848946537,0.16457848020358057,3.0780215141557807,3.25000000025,4.5000000005,2.0,3.25000000025,135,150,15,226910.46586094942,3403656.9879142414,0
105,1,2,2,1,0,0.47500000025,0.6500000005,2.6867968848946537,4.195289680275427,0.16457848020358057,3.0780215141557807,3.25000000025,4.5000000005,2.0,3.25000000025,142,150,8,226910.46586094942,1815283.7268875954,0
106,2,2,2,1,0,0.6500000005,0.82500000075,2.6867968848946537,4.195289680275427,0.16457848020358057,3.0780215141557807,3.25000000025,4.5000000005,2.0,3.25000000025,100,150,50,226910.46586094942,11345523.293047471,0
115,3,0,3,1,0,0.82500000075,1.000000001,-0.3301887058668941,1.1783040895138797,3.0780215141557807,5.991464548107982,3.25000000025,4.5000000005,2.0,3.25000000025,100,150,50,226910.46586094942,11345523.293047471,0
133,1,1,0,2,0,0.47500000025,0.6500000005,1.1783040895138797,2.6867968848946537,-5.6623075877008215,-2.7488645537486205,4.5000000005,5.75000000075,2.0,3.25000000025,100,150,50,291742.0275429157,14587101.377145786,0
135,3,1,0,2,0,0.82500000075,1.000000001,1.1783040895138797,2.6867968848946537,-5.6623075877008215,-2.7488645537486205,4.5000000005,5.75000000075,2.0,3.25000000025,100,150,50,291742.0275429157,14587101.377145786,0
140,0,3,0,2,0,0.3,0.47500000025,4.195289680275427,5.703782475656201,-5.6623075877008215,-2.7488645537486205,4.5000000005,5.75000000075,2.0,3.25000000025,100,150,50,291742.0275429157,14587101.377145786,0
142,2,3,0,2,0,0.6500000005,0.82500000075,4.195289680275427,5.703782475656201,-5.6623075877008215,-2.7488645537486205,4.5000000005,5.75000000075,2.0,3.25000000025,100,150,50,291742.0275429157,14587101.377145786,0
145,1,0,1,2,0,0.47500000025,0.6500000005,-0.3301887058668941,1.1783040895138797,-2.7488645537486205,0.16457848020358057,4.5000000005,5.75000000075,2.0,3.25000000025,100,150,50,291742.0275429157,14587101.377145786,0
146,2,0,1,2,0,0.6500000005,0.82500000075,-0.3301887058668941,1.1783040895138797,-2.7488645537486205,0.16457848020358057,4.5000000005,5.75000000075,2.0,3.25000000025,100,150,50,291742.0275429157,14587101.377145786,0
147,3,0,1,2,0,0.82500000075,1.000000001,-0.3301887058668941,1.1783040895138797,-2.7488645537486205,0.16457848020358057,4.5000000005,5.75000000075,2.0,3.25000000025,100,150,50,291742.0275429157,14587101.377145786,0
151,3,1,1,2,0,0.82500000075,1.000000001,1.1783040895138797,2.6867968848946537,-2.7488645537486205,0.16457848020358057,4.5000000005,5.75000000075,2.0,3.25000000025,100,150,50,291742.0275429157,14587101.377145786,0
154,2,2,1,2,0,0.6500000005,0.82500000075,2.6867968848946537,4.195289680275427,-2.7488645537486205,0.16457848020358057,4.5000000005,5.75000000075,2.0,3.25000000025,100,150,50,291742.0275429157,14587101.377145786,0
158,2,3,1,2,0,0.6500000005,0.82500000075,4.195289680275427,5.703782475656201,-2.7488645537486205,0.16457848020358057,4.5000000005,5.75000000075,2.0,3.25000000025,100,150,50,291742.0275429157,14587101.377145786,0
159,3,3,1,2,0,0.82500000075,1.000000001,4.195289680275427,5.703782475656201,-2.7488645537486205,0.16457848020358057,4.5000000005,5.75000000075,2.0,3.25000000025,100,150,50,291742.0275429157,14587101.377145786,0
166,2,1,2,2,0,0.6500000005,0.82500000075,1.1783040895138797,2.6867968848946537,0.16457848020358057,3.0780215141557807,4.5000000005,5.75000000075,2.0,3.25000000025,100,150,50,291742.0275429157,14587101.377145786,0
169,1,2,2,2,0,0.47500000025,0.6500000005,2.6867968848946537,4.195289680275427,0.16457848020358057,3.0780215141557807,4.5000000005,5.75000000075,2.0,3.25000000025,138,150,12,291742.0275429157,3500904.330514989,0
171,3,2,2,2,0,0.82500000075,1.000000001,2.6867968848946537,4.195289680275427,0.16457848020358057,3.0780215141557807,4.5000000005,5.75000000075,2.0,3.25000000025,135,150,15,291742.0275429157,4376130.413143735,0
176,0,0,3,2,0,0.3,0.47500000025,-0.3301887058668941,1.1783040895138797,3.0780215141557807,5.991464548107982,4.5000000005,5.75000000075,2.0,3.25000000025,100,150,50,291742.0275429157,14587101.377145786,0
194,2,0,0,3,0,0.6500000005,0.82500000075,-0.3301887058668941,1.1783040895138797,-5.6623075877008215,-2.7488645537486205,5.75000000075,7.000000001,2.0,3.25000000025,100,150,50,356573.589224882,17828679.461244103,0
196,0,1,0,3,0,0.3,0.47500000025,1.1783040895138797,2.6867968848946537,-5.6623075877008215,-2.7488645537486205,5.75000000075,7.000000001,2.0,3.25000000025,100,150,50,356573.589224882,17828679.461244103,0
206,2,3,0,3,0,0.6500000005,0.82500000075,4.195289680275427,5.703782475656201,-5.6623075877008215,-2.7488645537486205,5.75000000075,7.000000001,2.0,3.25000000025,100,150,50,356573.589224882,17828679.461244103,0
208,0,0,1,3,0,0.3,0.47500000025,-0.3301887058668941,1.1783040895138797,-2.7488645537486205,0.16457848020358057,5.75000000075,7.000000001,2.0,3.25000000025,100,150,50,356573.589224882,17828679.461244103,0
210,2,0,1,3,0,0.6500000005,0.82500000075,-0.3301887058668941,1.1783040895138797,-2.7488645537486205,0.16457848020358057,5.75000000075,7.000000001,2.0,3.25000000025,100,150,50,356573.589224882,17828679.461244103,0
211,3,0,1,3,0,0.82500000075,1.000000001,-0.3301887058668941,1.1783040895138797,-2.7488645537486205,0.16457848020358057,5.75000000075,7.000000001,2.0,3.25000000025,100,150,50,356573.589224882,17828679.461244103,0
212,0,1,1,3,0,0.3,0.47500000025,1.1783040895138797,2.6867968848946537,-2.7488645537486205,0.16457848020358057,5.75000000075,7.000000001,2.0,3.25000000025,100,150,50,356573.589224882,17828679.461244103,0
214,2,1,1,3,0,0.6500000005,0.82500000075,1.1783040895138797,2.6867968848946537,-2.7488645537486205,0.16457848020358057,5.75000000075,7.000000001,2.0,3.25000000025,100,150,50,356573.589224882,17828679.461244103,0
215,3,1,1,3,0,0.82500000075,1.000000001,1.1783040895138797,2.6867968848946537,-2.7488645537486205,0.16457848020358057,5.75000000075,7.000000001,2.0,3.25000000025,100,150,50,356573.589224882,17828679.461244103,0
219,3,2,1,3,0,0.82500000075,1.000000001,2.6867968848946537,4.195289680275427,-2.7488645537486205,0.16457848020358057,5.75000000075,7.000000001,2.0,3.25000000025,100,150,50,356573.589224882,17828679.461244103,0
221,1,3,1,3,0,0.47500000025,0.6500000005,4.195289680275427,5.703782475656201,-2.7488645537486205,0.16457848020358057,5.75000000075,7.000000001,2.0,3.25000000025,100,150,50,356573.589224882,17828679.461244103,0
223,3,3,1,3,0,0.82500000075,1.000000001,4.195289680275427,5.703782475656201,-2.7488645537486205,0.16457848020358057,5.75000000075,7.000000001,2.0,3.25000000025,100,150,50,356573.589224882,17828679.461244103,0
227,3,0,2,3,0,0.82500000075,1.000000001,-0.3301887058668941,1.1783040895138797,0.16457848020358057,3.0780215141557807,5.75000000075,7.000000001,2.0,3.25000000025,100,150,50,356573.589224882,17828679.461244103,0
230,2,1,2,3,0,0.6500000005,0.82500000075,1.1783040895138797,2.6867968848946537,0.16457848020358057,3.0780215141557807,5.75000000075,7.000000001,2.0,3.25000000025,101,150,49,356573.589224882,17472105.87201922,0
232,0,2,2,3,0,0.3,0.47500000025,2.6867968848946537,4.195289680275427,0.16457848020358057,3.0780215141557807,5.75000000075,7.000000001,2.0,3.25000000025,117,150,33,356573.589224882,11766928.444421107,0
235,3,2,2,3,0,0.82500000075,1.000000001,2.6867968848946537,4.195289680275427,0.16457848020358057,3.0780215141557807,5.75000000075,7.000000001,2.0,3.25000000025,100,150,50,356573.589224882,17828679.461244103,0
243,3,0,3,3,0,0.82500000075,1.000000001,-0.3301887058668941,1.1783040895138797,3.0780215141557807,5.991464548107982,5.75000000075,7.000000001,2.0,3.25000000025,100,150,50,356573.589224882,17828679.461244103,0
258,2,0,0,0,1,0.6500000005,0.82500000075,-0.3301887058668941,1.1783040895138797,-5.6623075877008215,-2.7488645537486205,2.0,3.25000000025,3.25000000025,4.5000000005,100,150,50,226910.46586094942,11345523.293047471,0
262,2,1,0,0,1,0.6500000005,0.82500000075,1.1783040895138797,2.6867968848946537,-5.6623075877008215,-2.7488645537486205,2.0,3.25000000025,3.25000000025,4.5000000005,100,150,50,226910.46586094942,11345523.293047471,0
269,1,3,0,0,1,0.47500000025,0.6500000005,4.195289680275427,5.703782475656201,-5.6623075877008215,-2.7488645537486205,2.0,3.25000000025,3.25000000025,4.5000000005,100,150,50,226910.46586094942,11345523.293047471,0
273,1,0,1,0,1,0.47500000025,0.6500000005,-0.3301887058668941,1.1783040895138797,-2.7488645537486205,0.16457848020358057,2.0,3.25000000025,3.25000000025,4.5000000005,100,150,50,226910.46586094942,11345523.293047471,0
276,0,1,1,0,1,0.3,0.47500000025,1.1783040895138797,2.6867968848946537,-2.7488645537486205,0.16457848020358057,2.0,3.25000000025,3.25000000025,4.5000000005,100,150,50,226910.46586094942,11345523.293047471,0
277,1,1,1,0,1,0.47500000025,0.6500000005,1.1783040895138797,2.6867968848946537,-2.7488645537486205,0.16457848020358057,2.0,3.25000000025,3.25000000025,4.5000000005,100,150,50,226910.46586094942,11345523.293047471,0
280,0,2,1,0,1,0.3,0.47500000025,2.6867968848946537,4.195289680275427,-2.7488645537486205,0.16457848020358057,2.0,3.25000000025,3.25000000025,4.5000000005,100,150,50,226910.46586094942,11345523.293047471,0
282,2,2,1,0,1,0.6500000005,0.82500000075,2.6867968848946537,4.195289680275427,-2.7488645537486205,0.16457848020358057,2.0,3.25000000025,3.25000000025,4.5000000005,100,150,50,226910.46586094942,11345523.293047471,0
286,2,3,1,0,1,0.6500000005,0.82500000075,4.195289680275427,5.703782475656201,-2.7488645537486205,0.16457848020358057,2.0,3.25000000025,3.25000000025,4.5000000005,100,150,50,226910.46586094942,11345523.293047471,0
290,2,0,2,0,1,0.6500000005,0.82500000075,-0.3301887058668941,1.1783040895138797,0.16457848020358057,3.0780215141557807,2.0,3.25000000025,3.25000000025,4.5000000005,100,150,50,226910.46586094942,11345523.293047471,0
291,3,0,2,0,1,0.82500000075,1.000000001,-0.3301887058668941,1.1783040895138797,0.16457848020358057,3.0780215141557807,2.0,3.25000000025,3.25000000025,4.5000000005,100,150,50,226910.46586094942,11345523.293047471,0
294,2,1,2,0,1,0.6500000005,0.82500000075,1.1783040895138797,2.6867968848946537,0.16457848020358057,3.0780215141557807,2.0,3.25000000025,3.25000000025,4.5000000005,100,150,50,226910.46586094942,11345523.293047471,0
304,0,0,3,0,1,0.3,0.47500000025,-0.3301887058668941,1.1783040895138797,3.0780215141557807,5.991464548107982,2.0,3.25000000025,3.25000000025,4.5000000005,100,150,50,226910.46586094942,11345523.293047471,0
305,1,0,3,0,1,0.47500000025,0.6500000005,-0.3301887058668941,1.1783040895138797,3.0780215141557807,5.991464548107982,2.0,3.25000000025,3.25000000025,4.5000000005,100,150,50,226910.46586094942,11345523.293047471,0
325,1,1,0,1,1,0.47500000025,0.6500000005,1.1783040895138797,2.6867968848946537,-5.6623075877008215,-2.7488645537486205,3.25000000025,4.5000000005,3.25000000025,4.5000000005,100,150,50,317674.6522198514,15883732.61099257,0
327,3,1,0,1,1,0.82500000075,1.000000001,1.1783040895138797,2.6867968848946537,-5.6623075877008215,-2.7488645537486205,3.25000000025,4.5000000005,3.25000000025,4.5000000005,100,150,50,317674.6522198514,15883732.61099257,0
328,0,2,0,1,1,0.3,0.47500000025,2.6867968848946537,4.195289680275427,-5.6623075877008215,-2.7488645537486205,3.25000000025,4.5000000005,3.25000000025,4.5000000005,100,150,50,317674.6522198514,15883732.61099257,0
334,2,3,0,1,1,0.6500000005,0.82500000075,4.195289680275427,5.703782475656201,-5.6623075877008215,-2.7488645537486205,3.25000000025,4.5000000005,3.25000000025,4.5000000005,100,150,50,317674.6522198514,15883732.61099257,0
337,1,0,1,1,1,0.47500000025,0.6500000005,-0.3301887058668941,1.1783040895138797,-2.7488645537486205,0.16457848020358057,3.25000000025,4.5000000005,3.25000000025,4.5000000005,100,150,50,317674.6522198514,15883732.61099257,0
338,2,0,1,1,1,0.6500000005,0.82500000075,-0.3301887058668941,1.1783040895138797,-2.7488645537486205,0.16457848020358057,3.25000000025,4.5000000005,3.25000000025,4.5000000005,100,150,50,317674.6522198514,15883732.61099257,0
343,3,1,1,1,1,0.82500000075,1.000000001,1.1783040895138797,2.6867968848946537,-2.7488645537486205,0.16457848020358057,3.25000000025,4.5000000005,3.25000000025,4.5000000005,100,150,50,317674.6522198514,15883732.61099257,0
345,1,2,1,1,1,0.47500000025,0.6500000005,2.6867968848946537,4.195289680275427,-2.7488645537486205,0.16457848020358057,3.25000000025,4.5000000005,3.25000000025,4.5000000005,28,150,122,317674.6522198514,38756307.57082187,0
346,2,2,1,1,1,0.6500000005,0.82500000075,2.6867968848946537,4.195289680275427,-2.7488645537486205,0.16457848020358057,3.25000000025,4.5000000005,3.25000000025,4.5000000005,12,150,138,317674.6522198514,43839102.00633949,0
354,2,0,2,1,1,0.6500000005,0.82500000075,-0.3301887058668941,1.1783040895138797,0.16457848020358057,3.0780215141557807,3.25000000025,4.5000000005,3.25000000025,4.5000000005,40,150,110,317674.6522198514,34944211.74418365,0
363,3,2,2,1,1,0.82500000075,1.000000001,2.6867968848946537,4.195289680275427,0.16457848020358057,3.0780215141557807,3.25000000025,4.5000000005,3.25000000025,4.5000000005,121,150,29,317674.6522198514,9212564.91437569,0
388,0,1,0,2,1,0.3,0.47500000025,1.1783040895138797,2.6867968848946537,-5.6623075877008215,-2.7488645537486205,4.5000000005,5.75000000075,3.25000000025,4.5000000005,14,150,136,408438.83857875346,55547682.04671047,0
393,1,2,0,2,1,0.47500000025,0.6500000005,2.6867968848946537,4.195289680275427,-5.6623075877008215,-2.7488645537486205,4.5000000005,5.75000000075,3.25000000025,4.5000000005,3,150,147,408438.83857875346,60040509.27107676,0
395,3,2,0,2,1,0.82500000075,1.000000001,2.6867968848946537,4.195289680275427,-5.6623075877008215,-2.7488645537486205,4.5000000005,5.75000000075,3.25000000025,4.5000000005,1,150,149,408438.83857875346,60857386.94823427,0
402,2,0,1,2,1,0.6500000005,0.82500000075,-0.3301887058668941,1.1783040895138797,-2.7488645537486205,0.16457848020358057,4.5000000005,5.75000000075,3.25000000025,4.5000000005,4,150,146,408438.83857875346,59632070.43249801,0
405,1,1,1,2,1,0.47500000025,0.6500000005,1.1783040895138797,2.6867968848946537,-2.7488645537486205,0.16457848020358057,4.5000000005,5.75000000075,3.25000000025,4.5000000005,37,150,113,408438.83857875346,46153588.75939914,0
408,0,2,1,2,1,0.3,0.47500000025,2.6867968848946537,4.195289680275427,-2.7488645537486205,0.16457848020358057,4.5000000005,5.75000000075,3.25000000025,4.5000000005,28,150,122,408438.83857875346,49829538.306607924,0
411,3,2,1,2,1,0.82500000075,1.000000001,2.6867968848946537,4.195289680275427,-2.7488645537486205,0.16457848020358057,4.5000000005,5.75000000075,3.25000000025,4.5000000005,15,150,135,408438.83857875346,55139243.208131716,0
416,0,0,2,2,1,0.3,0.47500000025,-0.3301887058668941,1.1783040895138797,0.16457848020358057,3.0780215141557807,4.5000000005,5.75000000075,3.25000000025,4.5000000005,27,150,123,408438.83857875346,50237977.14518668,0
417,1,0,2,2,1,0.47500000025,0.6500000005,-0.3301887058668941,1.1783040895138797,0.16457848020358057,3.0780215141557807,4.5000000005,5.75000000075,3.25000000025,4.5000000005,18,150,132,408438.83857875346,53913926.692395456,0
422,2,1,2,2,1,0.6500000005,0.82500000075,1.1783040895138797,2.6867968848946537,0.16457848020358057,3.0780215141557807,4.5000000005,5.75000000075,3.25000000025,4.5000000005,115,150,35,408438.83857875346,14295359.35025637,0
423,3,1,2,2,1,0.82500000075,1.000000001,1.1783040895138797,2.6867968848946537,0.16457848020358057,3.0780215141557807,4.5000000005,5.75000000075,3.25000000025,4.5000000005,73,150,77,408438.83857875346,31449790.570564017,0
425,1,2,2,2,1,0.47500000025,0.6500000005,2.6867968848946537,4.195289680275427,0.16457848020358057,3.0780215141557807,4.5000000005,5.75000000075,3.25000000025,4.5000000005,139,150,11,408438.83857875346,4492827.224366288,0
426,2,2,2,2,1,0.6500000005,0.82500000075,2.6867968848946537,4.195289680275427,0.16457848020358057,3.0780215141557807,4.5000000005,5.75000000075,3.25000000025,4.5000000005,115,150,35,408438.83857875346,14295359.35025637,0
427,3,2,2,2,1,0.82500000075,1.000000001,2.6867968848946537,4.195289680275427,0.16457848020358057,3.0780215141557807,4.5000000005,5.75000000075,3.25000000025,4.5000000005,87,150,63,408438.83857875346,25731646.83046147,0
433,1,0,3,2,1,0.47500000025,0.6500000005,-0.3301887058668941,1.1783040895138797,3.0780215141557807,5.991464548107982,4.5000000005,5.75000000075,3.25000000025,4.5000000005,30,150,120,408438.83857875346,49012660.62945042,0
434,2,0,3,2,1,0.6500000005,0.82500000075,-0.3301887058668941,1.1783040895138797,3.0780215141557807,5.991464548107982,4.5000000005,5.75000000075,3.25000000025,4.5000000005,21,150,129,408438.83857875346,52688610.1766592,0
448,0,0,0,3,1,0.3,0.47500000025,-0.3301887058668941,1.1783040895138797,-5.6623075877008215,-2.7488645537486205,5.75000000075,7.000000001,3.25000000025,4.5000000005,100,150,50,499203.0249376555,24960151.246882774,0
452,0,1,0,3,1,0.3,0.47500000025,1.1783040895138797,2.6867968848946537,-5.6623075877008215,-2.7488645537486205,5.75000000075,7.000000001,3.25000000025,4.5000000005,60,150,90,499203.0249376555,44928272.24438899,0
457,1,2,0,3,1,0.47500000025,0.6500000005,2.6867968848946537,4.195289680275427,-5.6623075877008215,-2.7488645537486205,5.75000000075,7.000000001,3.25000000025,4.5000000005,3,150,147,499203.0249376555,73382844.66583535,0
461,1,3,0,3,1,0.47500000025,0.6500000005,4.195289680275427,5.703782475656201,-5.6623075877008215,-2.7488645537486205,5.75000000075,7.000000001,3.25000000025,4.5000000005,2,150,148,499203.0249376555,73882047.69077301,0
465,1,0,1,3,1,0.47500000025,0.6500000005,-0.3301887058668941,1.1783040895138797,-2.7488645537486205,0.16457848020358057,5.75000000075,7.000000001,3.25000000025,4.5000000005,43,150,107,499203.0249376555,53414723.668329135,0
466,2,0,1,3,1,0.6500000005,0.82500000075,-0.3301887058668941,1.1783040895138797,-2.7488645537486205,0.16457848020358057,5.75000000075,7.000000001,3.25000000025,4.5000000005,13,150,137,499203.0249376555,68390814.4164588,0
467,3,0,1,3,1,0.82500000075,1.000000001,-0.3301887058668941,1.1783040895138797,-2.7488645537486205,0.16457848020358057,5.75000000075,7.000000001,3.25000000025,4.5000000005,8,150,142,499203.0249376555,70886829.54114708,0
468,0,1,1,3,1,0.3,0.47500000025,1.1783040895138797,2.6867968848946537,-2.7488645537486205,0.16457848020358057,5.75000000075,7.000000001,3.25000000025,4.5000000005,87,150,63,499203.0249376555,31449790.571072295,0
469,1,1,1,3,1,0.47500000025,0.6500000005,1.1783040895138797,2.6867968848946537,-2.7488645537486205,0.16457848020358057,5.75000000075,7.000000001,3.25000000025,4.5000000005,76,150,74,499203.0249376555,36941023.845386505,0
470,2,1,1,3,1,0.6500000005,0.82500000075,1.1783040895138797,2.6867968848946537,-2.7488645537486205,0.16457848020358057,5.75000000075,7.000000001,3.25000000025,4.5000000005,30,150,120,499203.0249376555,59904362.992518656,0
472,0,2,1,3,1,0.3,0.47500000025,2.6867968848946537,4.195289680275427,-2.7488645537486205,0.16457848020358057,5.75000000075,7.000000001,3.25000000025,4.5000000005,21,150,129,499203.0249376555,64397190.216957554,0
473,1,2,1,3,1,0.47500000025,0.6500000005,2.6867968848946537,4.195289680275427,-2.7488645537486205,0.16457848020358057,5.75000000075,7.000000001,3.25000000025,4.5000000005,12,150,138,499203.0249376555,68890017.44139646,0
476,0,3,1,3,1,0.3,0.47500000025,4.195289680275427,5.703782475656201,-2.7488645537486205,0.16457848020358057,5.75000000075,7.000000001,3.25000000025,4.5000000005,27,150,123,499203.0249376555,61401972.06733163,0
478,2,3,1,3,1,0.6500000005,0.82500000075,4.195289680275427,5.703782475656201,-2.7488645537486205,0.16457848020358057,5.75000000075,7.000000001,3.25000000025,4.5000000005,22,150,128,499203.0249376555,63897987.1920199,0
479,3,3,1,3,1,0.82500000075,1.000000001,4.195289680275427,5.703782475656201,-2.7488645537486205,0.16457848020358057,5.75000000075,7.000000001,3.25000000025,4.5000000005,20,150,130,499203.0249376555,64896393.24189521,0
483,3,0,2,3,1,0.82500000075,1.000000001,-0.3301887058668941,1.1783040895138797,0.16457848020358057,3.0780215141557807,5.75000000075,7.000000001,3.25000000025,4.5000000005,18,150,132,499203.0249376555,65894799.291770525,0
485,1,1,2,3,1,0.47500000025,0.6500000005,1.1783040895138797,2.6867968848946537,0.16457848020358057,3.0780215141557807,5.75000000075,7.000000001,3.25000000025,4.5000000005,137,150,13,499203.0249376555,6489639.324189521,0
487,3,1,2,3,1,0.82500000075,1.000000001,1.1783040895138797,2.6867968848946537,0.16457848020358057,3.0780215141557807,5.75000000075,7.000000001,3.25000000025,4.5000000005,100,150,50,499203.0249376555,24960151.246882774,0
489,1,2,2,3,1,0.47500000025,0.6500000005,2.6867968848946537,4.195289680275427,0.16457848020358057,3.0780215141557807,5.75000000075,7.000000001,3.25000000025,4.5000000005,105,150,45,499203.0249376555,22464136.122194495,0
496,0,0,3,3,1,0.3,0.47500000025,-0.3301887058668941,1.1783040895138797,3.0780215141557807,5.991464548107982,5.75000000075,7.000000001,3.25000000025,4.5000000005,53,150,97,499203.0249376555,48422693.418952584,0
498,2,0,3,3,1,0.6500000005,0.82500000075,-0.3301887058668941,1.1783040895138797,3.0780215141557807,5.991464548107982,5.75000000075,7.000000001,3.25000000025,4.5000000005,25,150,125,499203.0249376555,62400378.11720694,0
519,3,1,0,0,2,0.82500000075,1.000000001,1.1783040895138797,2.6867968848946537,-5.6623075877008215,-2.7488645537486205,2.0,3.25000000025,4.5000000005,5.75000000075,100,150,50,291742.0275429157,14587101.377145786,0
522,2,2,0,0,2,0.6500000005,0.82500000075,2.6867968848946537,4.195289680275427,-5.6623075877008215,-2.7488645537486205,2.0,3.25000000025,4.5000000005,5.75000000075,100,150,50,291742.0275429157,14587101.377145786,0
526,2,3,0,0,2,0.6500000005,0.82500000075,4.195289680275427,5.703782475656201,-5.6623075877008215,-2.7488645537486205,2.0,3.25000000025,4.5000000005,5.75000000075,100,150,50,291742.0275429157,14587101.377145786,0
527,3,3,0,0,2,0.82500000075,1.000000001,4.195289680275427,5.703782475656201,-5.6623075877008215,-2.7488645537486205,2.0,3.25000000025,4.5000000005,5.75000000075,1,150,149,291742.0275429157,43469562.10389444,0
529,1,0,1,0,2,0.47500000025,0.6500000005,-0.3301887058668941,1.1783040895138797,-2.7488645537486205,0.16457848020358057,2.0,3.25000000025,4.5000000005,5.75000000075,3,150,147,291742.0275429157,42886078.04880861,0
530,2,0,1,0,2,0.6500000005,0.82500000075,-0.3301887058668941,1.1783040895138797,-2.7488645537486205,0.16457848020358057,2.0,3.25000000025,4.5000000005,5.75000000075,1,150,149,291742.0275429157,43469562.10389444,0
534,2,1,1,0,2,0.6500000005,0.82500000075,1.1783040895138797,2.6867968848946537,-2.7488645537486205,0.16457848020358057,2.0,3.25000000025,4.5000000005,5.75000000075,7,150,143,291742.0275429157,41719109.93863695,0
536,0,2,1,0,2,0.3,0.47500000025,2.6867968848946537,4.195289680275427,-2.7488645537486205,0.16457848020358057,2.0,3.25000000025,4.5000000005,5.75000000075,100,150,50,291742.0275429157,14587101.377145786,0
538,2,2,1,0,2,0.6500000005,0.82500000075,2.6867968848946537,4.195289680275427,-2.7488645537486205,0.16457848020358057,2.0,3.25000000025,4.5000000005,5.75000000075,10,150,140,291742.0275429157,40843883.8560082,0
539,3,2,1,0,2,0.82500000075,1.000000001,2.6867968848946537,4.195289680275427,-2.7488645537486205,0.16457848020358057,2.0,3.25000000025,4.5000000005,5.75000000075,9,150,141,291742.0275429157,41135625.88355111,0
541,1,3,1,0,2,0.47500000025,0.6500000005,4.195289680275427,5.703782475656201,-2.7488645537486205,0.16457848020358057,2.0,3.25000000025,4.5000000005,5.75000000075,22,150,128,291742.0275429157,37342979.52549321,0
542,2,3,1,0,2,0.6500000005,0.82500000075,4.195289680275427,5.703782475656201,-2.7488645537486205,0.16457848020358057,2.0,3.25000000025,4.5000000005,5.75000000075,100,150,50,291742.0275429157,14587101.377145786,0
553,1,2,2,0,2,0.47500000025,0.6500000005,2.6867968848946537,4.195289680275427,0.16457848020358057,3.0780215141557807,2.0,3.25000000025,4.5000000005,5.75000000075,94,150,56,291742.0275429157,16337553.54240328,0
560,0,0,3,0,2,0.3,0.47500000025,-0.3301887058668941,1.1783040895138797,3.0780215141557807,5.991464548107982,2.0,3.25000000025,4.5000000005,5.75000000075,5,150,145,291742.0275429157,42302593.99372278,0
561,1,0,3,0,2,0.47500000025,0.6500000005,-0.3301887058668941,1.1783040895138797,3.0780215141557807,5.991464548107982,2.0,3.25000000025,4.5000000005,5.75000000075,2,150,148,291742.0275429157,43177820.07635152,0
587,3,2,0,1,2,0.82500000075,1.000000001,2.6867968848946537,4.195289680275427,-5.6623075877008215,-2.7488645537486205,3.25000000025,4.5000000005,4.5000000005,5.75000000075,2,150,148,408438.83857875346,60448948.109655514,0
588,0,3,0,1,2,0.3,0.47500000025,4.195289680275427,5.703782475656201,-5.6623075877008215,-2.7488645537486205,3.25000000025,4.5000000005,4.5000000005,5.75000000075,100,150,50,408438.83857875346,20421941.928937674,0
591,3,3,0,1,2,0.82500000075,1.000000001,4.195289680275427,5.703782475656201,-5.6623075877008215,-2.7488645537486205,3.25000000025,4.5000000005,4.5000000005,5.75000000075,1,150,149,408438.83857875346,60857386.94823427,0
592,0,0,1,1,2,0.3,0.47500000025,-0.3301887058668941,1.1783040895138797,-2.7488645537486205,0.16457848020358057,3.25000000025,4.5000000005,4.5000000005,5.75000000075,100,150,50,408438.83857875346,20421941.928937674,0
596,0,1,1,1,2,0.3,0.47500000025,1.1783040895138797,2.6867968848946537,-2.7488645537486205,0.16457848020358057,3.25000000025,4.5000000005,4.5000000005,5.75000000075,44,150,106,408438.83857875346,43294516.889347866,0
597,1,1,1,1,2,0.47500000025,0.6500000005,1.1783040895138797,2.6867968848946537,-2.7488645537486205,0.16457848020358057,3.25000000025,4.5000000005,4.5000000005,5.75000000075,35,150,115,408438.83857875346,46970466.436556645,0
598,2,1,1,1,2,0.6500000005,0.82500000075,1.1783040895138797,2.6867968848946537,-2.7488645537486205,0.16457848020358057,3.25000000025,4.5000000005,4.5000000005,5.75000000075,24,150,126,408438.83857875346,51463293.66092294,0
599,3,1,1,1,2,0.82500000075,1.000000001,1.1783040895138797,2.6867968848946537,-2.7488645537486205,0.16457848020358057,3.25000000025,4.5000000005,4.5000000005,5.75000000075,15,150,135,408438.83857875346,55139243.208131716,0
602,2,2,1,1,2,0.6500000005,0.82500000075,2.6867968848946537,4.195289680275427,-2.7488645537486205,0.16457848020358057,3.25000000025,4.5000000005,4.5000000005,5.75000000075,12,150,138,408438.83857875346,56364559.723867975,0
603,3,2,1,1,2,0.82500000075,1.000000001,2.6867968848946537,4.195289680275427,-2.7488645537486205,0.16457848020358057,3.25000000025,4.5000000005,4.5000000005,5.75000000075,18,150,132,408438.83857875346,53913926.692395456,0
605,1,3,1,1,2,0.47500000025,0.6500000005,4.195289680275427,5.703782475656201,-2.7488645537486205,0.16457848020358057,3.25000000025,4.5000000005,4.5000000005,5.75000000075,30,150,120,408438.83857875346,49012660.62945042,0
609,1,0,2,1,2,0.47500000025,0.6500000005,-0.3301887058668941,1.1783040895138797,0.16457848020358057,3.0780215141557807,3.25000000025,4.5000000005,4.5000000005,5.75000000075,11,150,139,408438.83857875346,56772998.56244673,0
613,1,1,2,1,2,0.47500000025,0.6500000005,1.1783040895138797,2.6867968848946537,0.16457848020358057,3.0780215141557807,3.25000000025,4.5000000005,4.5000000005,5.75000000075,138,150,12,408438.83857875346,4901266.062945042,0
618,2,2,2,1,2,0.6500000005,0.82500000075,2.6867968848946537,4.195289680275427,0.16457848020358057,3.0780215141557807,3.25000000025,4.5000000005,4.5000000005,5.75000000075,111,150,39,408438.83857875346,15929114.704571385,0
624,0,0,3,1,2,0.3,0.47500000025,-0.3301887058668941,1.1783040895138797,3.0780215141557807,5.991464548107982,3.25000000025,4.5000000005,4.5000000005,5.75000000075,7,150,143,408438.83857875346,58406753.91676175,0
625,1,0,3,1,2,0.47500000025,0.6500000005,-0.3301887058668941,1.1783040895138797,3.0780215141557807,5.991464548107982,3.25000000025,4.5000000005,4.5000000005,5.75000000075,100,150,50,408438.83857875346,20421941.928937674,0
626,2,0,3,1,2,0.6500000005,0.82500000075,-0.3301887058668941,1.1783040895138797,3.0780215141557807,5.991464548107982,3.25000000025,4.5000000005,4.5000000005,5.75000000075,100,150,50,408438.83857875346,20421941.928937674,0
644,0,1,0,2,2,0.3,0.47500000025,1.1783040895138797,2.6867968848946537,-5.6623075877008215,-2.7488645537486205,4.5000000005,5.75000000075,4.5000000005,5.75000000075,9,150,141,525135.6496145914,74044126.59565738,0
645,1,1,0,2,2,0.47500000025,0.6500000005,1.1783040895138797,2.6867968848946537,-5.6623075877008215,-2.7488645537486205,4.5000000005,5.75000000075,4.5000000005,5.75000000075,10,150,140,525135.6496145914,73518990.94604279,0
648,0,2,0,2,2,0.3,0.47500000025,2.6867968848946537,4.195289680275427,-5.6623075877008215,-2.7488645537486205,4.5000000005,5.75000000075,4.5000000005,5.75000000075,100,150,50,525135.6496145914,26256782.48072957,0
652,0,3,0,2,2,0.3,0.47500000025,4.195289680275427,5.703782475656201,-5.6623075877008215,-2.7488645537486205,4.5000000005,5.75000000075,4.5000000005,5.75000000075,2,150,148,525135.6496145914,77720076.14295952,0
655,3,3,0,2,2,0.82500000075,1.000000001,4.195289680275427,5.703782475656201,-5.6623075877008215,-2.7488645537486205,4.5000000005,5.75000000075,4.5000000005,5.75000000075,2,150,148,525135.6496145914,77720076.14295952,0
657,1,0,1,2,2,0.47500000025,0.6500000005,-0.3301887058668941,1.1783040895138797,-2.7488645537486205,0.16457848020358057,4.5000000005,5.75000000075,4.5000000005,5.75000000075,4,150,146,525135.6496145914,76669804.84373035,0
660,0,1,1,2,2,0.3,0.47500000025,1.1783040895138797,2.6867968848946537,-2.7488645537486205,0.16457848020358057,4.5000000005,5.75000000075,4.5000000005,5.75000000075,84,150,66,525135.6496145914,34658952.87456303,0
662,2,1,1,2,2,0.6500000005,0.82500000075,1.1783040895138797,2.6867968848946537,-2.7488645537486205,0.16457848020358057,4.5000000005,5.75000000075,4.5000000005,5.75000000075,30,150,120,525135.6496145914,63016277.95375097,0
663,3,1,1,2,2,0.82500000075,1.000000001,1.1783040895138797,2.6867968848946537,-2.7488645537486205,0.16457848020358057,4.5000000005,5.75000000075,4.5000000005,5.75000000075,12,150,138,525135.6496145914,72468719.64681362,0
664,0,2,1,2,2,0.3,0.47500000025,2.6867968848946537,4.195289680275427,-2.7488645537486205,0.16457848020358057,4.5000000005,5.75000000075,4.5000000005,5.75000000075,33,150,117,525135.6496145914,61440871.00490719,0
665,1,2,1,2,2,0.47500000025,0.6500000005,2.6867968848946537,4.195289680275427,-2.7488645537486205,0.16457848020358057,4.5000000005,5.75000000075,4.5000000005,5.75000000075,15,150,135,525135.6496145914,70893312.69796984,0
669,1,3,1,2,2,0.47500000025,0.6500000005,4.195289680275427,5.703782475656201,-2.7488645537486205,0.16457848020358057,4.5000000005,5.75000000075,4.5000000005,5.75000000075,38,150,112,525135.6496145914,58815192.75683424,0
670,2,3,1,2,2,0.6500000005,0.82500000075,4.195289680275427,5.703782475656201,-2.7488645537486205,0.16457848020358057,4.5000000005,5.75000000075,4.5000000005,5.75000000075,22,150,128,525135.6496145914,67217363.1506677,0
672,0,0,2,2,2,0.3,0.47500000025,-0.3301887058668941,1.1783040895138797,0.16457848020358057,3.0780215141557807,4.5000000005,5.75000000075,4.5000000005,5.75000000075,16,150,134,525135.6496145914,70368177.04835525,0
681,1,2,2,2,2,0.47500000025,0.6500000005,2.6867968848946537,4.195289680275427,0.16457848020358057,3.0780215141557807,4.5000000005,5.75000000075,4.5000000005,5.75000000075,109,150,41,525135.6496145914,21530561.63419825,0
683,3,2,2,2,2,0.82500000075,1.000000001,2.6867968848946537,4.195289680275427,0.16457848020358057,3.0780215141557807,4.5000000005,5.75000000075,4.5000000005,5.75000000075,94,150,56,525135.6496145914,29407596.37841712,0
688,0,0,3,2,2,0.3,0.47500000025,-0.3301887058668941,1.1783040895138797,3.0780215141557807,5.991464548107982,4.5000000005,5.75000000075,4.5000000005,5.75000000075,19,150,131,525135.6496145914,68792770.09951147,0
689,1,0,3,2,2,0.47500000025,0.6500000005,-0.3301887058668941,1.1783040895138797,3.0780215141557807,5.991464548107982,4.5000000005,5.75000000075,4.5000000005,5.75000000075,5,150,145,525135.6496145914,76144669.19411576,0
690,2,0,3,2,2,0.6500000005,0.82500000075,-0.3301887058668941,1.1783040895138797,3.0780215141557807,5.991464548107982,4.5000000005,5.75000000075,4.5000000005,5.75000000075,3,150,147,525135.6496145914,77194940.49334493,0
709,1,1,0,3,2,0.47500000025,0.6500000005,1.1783040895138797,2.6867968848946537,-5.6623075877008215,-2.7488645537486205,5.75000000075,7.000000001,4.5000000005,5.75000000075,5,150,145,641832.4606504291,93065706.79431222,0
710,2,1,0,3,2,0.6500000005,0.82500000075,1.1783040895138797,2.6867968848946537,-5.6623075877008215,-2.7488645537486205,5.75000000075,7.000000001,4.5000000005,5.75000000075,4,150,146,641832.4606504291,93707539.25496265,0
711,3,1,0,3,2,0.82500000075,1.000000001,1.1783040895138797,2.6867968848946537,-5.6623075877008215,-2.7488645537486205,5.75000000075,7.000000001,4.5000000005,5.75000000075,6,150,144,641832.4606504291,92423874.3336618,0
712,0,2,0,3,2,0.3,0.47500000025,2.6867968848946537,4.195289680275427,-5.6623075877008215,-2.7488645537486205,5.75000000075,7.000000001,4.5000000005,5.75000000075,2,150,148,641832.4606504291,94991204.17626351,0
714,2,2,0,3,2,0.6500000005,0.82500000075,2.6867968848946537,4.195289680275427,-5.6623075877008215,-2.7488645537486205,5.75000000075,7.000000001,4.5000000005,5.75000000075,2,150,148,641832.4606504291,94991204.17626351,0
716,0,3,0,3,2,0.3,0.47500000025,4.195289680275427,5.703782475656201,-5.6623075877008215,-2.7488645537486205,5.75000000075,7.000000001,4.5000000005,5.75000000075,1,150,149,641832.4606504291,95633036.63691394,0
721,1,0,1,3,2,0.47500000025,0.6500000005,-0.3301887058668941,1.1783040895138797,-2.7488645537486205,0.16457848020358057,5.75000000075,7.000000001,4.5000000005,5.75000000075,1,150,149,641832.4606504291,95633036.63691394,0
725,1,1,1,3,2,0.47500000025,0.6500000005,1.1783040895138797,2.6867968848946537,-2.7488645537486205,0.16457848020358057,5.75000000075,7.000000001,4.5000000005,5.75000000075,23,150,127,641832.4606504291,81512722.5026045,0
727,3,1,1,3,2,0.82500000075,1.000000001,1.1783040895138797,2.6867968848946537,-2.7488645537486205,0.16457848020358057,5.75000000075,7.000000001,4.5000000005,5.75000000075,13,150,137,641832.4606504291,87931047.10910879,0
729,1,2,1,3,2,0.47500000025,0.6500000005,2.6867968848946537,4.195289680275427,-2.7488645537486205,0.16457848020358057,5.75000000075,7.000000001,4.5000000005,5.75000000075,7,150,143,641832.4606504291,91782041.87301137,0
730,2,2,1,3,2,0.6500000005,0.82500000075,2.6867968848946537,4.195289680275427,-2.7488645537486205,0.16457848020358057,5.75000000075,7.000000001,4.5000000005,5.75000000075,9,150,141,641832.4606504291,90498376.9517105,0
731,3,2,1,3,2,0.82500000075,1.000000001,2.6867968848946537,4.195289680275427,-2.7488645537486205,0.16457848020358057,5.75000000075,7.000000001,4.5000000005,5.75000000075,13,150,137,641832.4606504291,87931047.10910879,0
734,2,3,1,3,2,0.6500000005,0.82500000075,4.195289680275427,5.703782475656201,-2.7488645537486205,0.16457848020358057,5.75000000075,7.000000001,4.5000000005,5.75000000075,24,150,126,641832.4606504291,80870890.04195407,0
738,2,0,2,3,2,0.6500000005,0.82500000075,-0.3301887058668941,1.1783040895138797,0.16457848020358057,3.0780215141557807,5.75000000075,7.000000001,4.5000000005,5.75000000075,1,150,149,641832.4606504291,95633036.63691394,0
741,1,1,2,3,2,0.47500000025,0.6500000005,1.1783040895138797,2.6867968848946537,0.16457848020358057,3.0780215141557807,5.75000000075,7.000000001,4.5000000005,5.75000000075,102,150,48,641832.4606504291,30807958.1112206,0
742,2,1,2,3,2,0.6500000005,0.82500000075,1.1783040895138797,2.6867968848946537,0.16457848020358057,3.0780215141557807,5.75000000075,7.000000001,4.5000000005,5.75000000075,74,150,76,641832.4606504291,48779267.009432614,0
745,1,2,2,3,2,0.47500000025,0.6500000005,2.6867968848946537,4.195289680275427,0.16457848020358057,3.0780215141557807,5.75000000075,7.000000001,4.5000000005,5.75000000075,97,150,53,641832.4606504291,34017120.414472744,0
772,0,1,0,0,3,0.3,0.47500000025,1.1783040895138797,2.6867968848946537,-5.6623075877008215,-2.7488645537486205,2.0,3.25000000025,5.75000000075,7.000000001,23,150,127,356573.589224882,45284845.831560016,0
776,0,2,0,0,3,0.3,0.47500000025,2.6867968848946537,4.195289680275427,-5.6623075877008215,-2.7488645537486205,2.0,3.25000000025,5.75000000075,7.000000001,8,150,142,356573.589224882,50633449.669933245,0
778,2,2,0,0,3,0.6500000005,0.82500000075,2.6867968848946537,4.195289680275427,-5.6623075877008215,-2.7488645537486205,2.0,3.25000000025,5.75000000075,7.000000001,5,150,145,356573.589224882,51703170.43760789,0
779,3,2,0,0,3,0.82500000075,1.000000001,2.6867968848946537,4.195289680275427,-5.6623075877008215,-2.7488645537486205,2.0,3.25000000025,5.75000000075,7.000000001,2,150,148,356573.589224882,52772891.20528254,0
782,2,3,0,0,3,0.6500000005,0.82500000075,4.195289680275427,5.703782475656201,-5.6623075877008215,-2.7488645537486205,2.0,3.25000000025,5.75000000075,7.000000001,4,150,146,356573.589224882,52059744.026832774,0
783,3,3,0,0,3,0.82500000075,1.000000001,4.195289680275427,5.703782475656201,-5.6623075877008215,-2.7488645537486205,2.0,3.25000000025,5.75000000075,7.000000001,4,150,146,356573.589224882,52059744.026832774,0
789,1,1,1,0,3,0.47500000025,0.6500000005,1.1783040895138797,2.6867968848946537,-2.7488645537486205,0.16457848020358057,2.0,3.25000000025,5.75000000075,7.000000001,18,150,132,356573.589224882,47067713.77768443,0
792,0,2,1,0,3,0.3,0.47500000025,2.6867968848946537,4.195289680275427,-2.7488645537486205,0.16457848020358057,2.0,3.25000000025,5.75000000075,7.000000001,17,150,133,356573.589224882,47424287.36690931,0
794,2,2,1,0,3,0.6500000005,0.82500000075,2.6867968848946537,4.195289680275427,-2.7488645537486205,0.16457848020358057,2.0,3.25000000025,5.75000000075,7.000000001,10,150,140,356573.589224882,49920302.49148348,0
796,0,3,1,0,3,0.3,0.47500000025,4.195289680275427,5.703782475656201,-2.7488645537486205,0.16457848020358057,2.0,3.25000000025,5.75000000075,7.000000001,19,150,131,356573.589224882,46711140.188459545,0
805,1,1,2,0,3,0.47500000025,0.6500000005,1.1783040895138797,2.6867968848946537,0.16457848020358057,3.0780215141557807,2.0,3.25000000025,5.75000000075,7.000000001,91,150,59,356573.589224882,21037841.76426804,0
806,2,1,2,0,3,0.6500000005,0.82500000075,1.1783040895138797,2.6867968848946537,0.16457848020358057,3.0780215141557807,2.0,3.25000000025,5.75000000075,7.000000001,66,150,84,356573.589224882,29952181.49489009,0
807,3,1,2,0,3,0.82500000075,1.000000001,1.1783040895138797,2.6867968848946537,0.16457848020358057,3.0780215141557807,2.0,3.25000000025,5.75000000075,7.000000001,83,150,67,356573.589224882,23890430.478067096,0
809,1,2,2,0,3,0.47500000025,0.6500000005,2.6867968848946537,4.195289680275427,0.16457848020358057,3.0780215141557807,2.0,3.25000000025,5.75000000075,7.000000001,109,150,41,356573.589224882,14619517.158220163,0
811,3,2,2,0,3,0.82500000075,1.000000001,2.6867968848946537,4.195289680275427,0.16457848020358057,3.0780215141557807,2.0,3.25000000025,5.75000000075,7.000000001,99,150,51,356573.589224882,18185253.05046898,0
838,2,1,0,1,3,0.6500000005,0.82500000075,1.1783040895138797,2.6867968848946537,-5.6623075877008215,-2.7488645537486205,3.25000000025,4.5000000005,5.75000000075,7.000000001,12,150,138,499203.0249376555,68890017.44139646,0
841,1,2,0,1,3,0.47500000025,0.6500000005,2.6867968848946537,4.195289680275427,-5.6623075877008215,-2.7488645537486205,3.25000000025,4.5000000005,5.75000000075,7.000000001,18,150,132,499203.0249376555,65894799.291770525,0
844,0,3,0,1,3,0.3,0.47500000025,4.195289680275427,5.703782475656201,-5.6623075877008215,-2.7488645537486205,3.25000000025,4.5000000005,5.75000000075,7.000000001,18,150,132,499203.0249376555,65894799.291770525,0
845,1,3,0,1,3,0.47500000025,0.6500000005,4.195289680275427,5.703782475656201,-5.6623075877008215,-2.7488645537486205,3.25000000025,4.5000000005,5.75000000075,7.000000001,18,150,132,499203.0249376555,65894799.291770525,0
846,2,3,0,1,3,0.6500000005,0.82500000075,4.195289680275427,5.703782475656201,-5.6623075877008215,-2.7488645537486205,3.25000000025,4.5000000005,5.75000000075,7.000000001,14,150,136,499203.0249376555,67891611.39152114,0
848,0,0,1,1,3,0.3,0.47500000025,-0.3301887058668941,1.1783040895138797,-2.7488645537486205,0.16457848020358057,3.25000000025,4.5000000005,5.75000000075,7.000000001,1,150,149,499203.0249376555,74381250.71571067,0
853,1,1,1,1,3,0.47500000025,0.6500000005,1.1783040895138797,2.6867968848946537,-2.7488645537486205,0.16457848020358057,3.25000000025,4.5000000005,5.75000000075,7.000000001,48,150,102,499203.0249376555,50918708.54364086,0
854,2,1,1,1,3,0.6500000005,0.82500000075,1.1783040895138797,2.6867968848946537,-2.7488645537486205,0.16457848020358057,3.25000000025,4.5000000005,5.75000000075,7.000000001,22,150,128,499203.0249376555,63897987.1920199,0
855,3,1,1,1,3,0.82500000075,1.000000001,1.1783040895138797,2.6867968848946537,-2.7488645537486205,0.16457848020358057,3.25000000025,4.5000000005,5.75000000075,7.000000001,16,150,134,499203.0249376555,66893205.34164584,0
856,0,2,1,1,3,0.3,0.47500000025,2.6867968848946537,4.195289680275427,-2.7488645537486205,0.16457848020358057,3.25000000025,4.5000000005,5.75000000075,7.000000001,41,150,109,499203.0249376555,54413129.718204446,0
859,3,2,1,1,3,0.82500000075,1.000000001,2.6867968848946537,4.195289680275427,-2.7488645537486205,0.16457848020358057,3.25000000025,4.5000000005,5.75000000075,7.000000001,14,150,136,499203.0249376555,67891611.39152114,0
862,2,3,1,1,3,0.6500000005,0.82500000075,4.195289680275427,5.703782475656201,-2.7488645537486205,0.16457848020358057,3.25000000025,4.5000000005,5.75000000075,7.000000001,24,150,126,499203.0249376555,62899581.14214459,0
863,3,3,1,1,3,0.82500000075,1.000000001,4.195289680275427,5.703782475656201,-2.7488645537486205,0.16457848020358057,3.25000000025,4.5000000005,5.75000000075,7.000000001,20,150,130,499203.0249376555,64896393.24189521,0
864,0,0,2,1,3,0.3,0.47500000025,-0.3301887058668941,1.1783040895138797,0.16457848020358057,3.0780215141557807,3.25000000025,4.5000000005,5.75000000075,7.000000001,2,150,148,499203.0249376555,73882047.69077301,0
869,1,1,2,1,3,0.47500000025,0.6500000005,1.1783040895138797,2.6867968848946537,0.16457848020358057,3.0780215141557807,3.25000000025,4.5000000005,5.75000000075,7.000000001,120,150,30,499203.0249376555,14976090.748129664,0
871,3,1,2,1,3,0.82500000075,1.000000001,1.1783040895138797,2.6867968848946537,0.16457848020358057,3.0780215141557807,3.25000000025,4.5000000005,5.75000000075,7.000000001,67,150,83,499203.0249376555,41433851.0698254,0
873,1,2,2,1,3,0.47500000025,0.6500000005,2.6867968848946537,4.195289680275427,0.16457848020358057,3.0780215141557807,3.25000000025,4.5000000005,5.75000000075,7.000000001,116,150,34,499203.0249376555,16972902.847880285,0
900,0,1,0,2,3,0.3,0.47500000025,1.1783040895138797,2.6867968848946537,-5.6623075877008215,-2.7488645537486205,4.5000000005,5.75000000075,5.75000000075,7.000000001,9,150,141,641832.4606504291,90498376.9517105,0
901,1,1,0,2,3,0.47500000025,0.6500000005,1.1783040895138797,2.6867968848946537,-5.6623075877008215,-2.7488645537486205,4.5000000005,5.75000000075,5.75000000075,7.000000001,11,150,139,641832.4606504291,89214712.03040965,0
904,0,2,0,2,3,0.3,0.47500000025,2.6867968848946537,4.195289680275427,-5.6623075877008215,-2.7488645537486205,4.5000000005,5.75000000075,5.75000000075,7.000000001,3,150,147,641832.4606504291,94349371.71561308,0
905,1,2,0,2,3,0.47500000025,0.6500000005,2.6867968848946537,4.195289680275427,-5.6623075877008215,-2.7488645537486205,4.5000000005,5.75000000075,5.75000000075,7.000000001,4,150,146,641832.4606504291,93707539.25496265,0
906,2,2,0,2,3,0.6500000005,0.82500000075,2.6867968848946537,4.195289680275427,-5.6623075877008215,-2.7488645537486205,4.5000000005,5.75000000075,5.75000000075,7.000000001,3,150,147,641832.4606504291,94349371.71561308,0
907,3,2,0,2,3,0.82500000075,1.000000001,2.6867968848946537,4.195289680275427,-5.6623075877008215,-2.7488645537486205,4.5000000005,5.75000000075,5.75000000075,7.000000001,2,150,148,641832.4606504291,94991204.17626351,0
909,1,3,0,2,3,0.47500000025,0.6500000005,4.195289680275427,5.703782475656201,-5.6623075877008215,-2.7488645537486205,4.5000000005,5.75000000075,5.75000000075,7.000000001,4,150,146,641832.4606504291,93707539.25496265,0
918,2,1,1,2,3,0.6500000005,0.82500000075,1.1783040895138797,2.6867968848946537,-2.7488645537486205,0.16457848020358057,4.5000000005,5.75000000075,5.75000000075,7.000000001,17,150,133,641832.4606504291,85363717.26650707,0
921,1,2,1,2,3,0.47500000025,0.6500000005,2.6867968848946537,4.195289680275427,-2.7488645537486205,0.16457848020358057,4.5000000005,5.75000000075,5.75000000075,7.000000001,12,150,138,641832.4606504291,88572879.56975922,0
922,2,2,1,2,3,0.6500000005,0.82500000075,2.6867968848946537,4.195289680275427,-2.7488645537486205,0.16457848020358057,4.5000000005,5.75000000075,5.75000000075,7.000000001,18,150,132,641832.4606504291,84721884.80585665,0
924,0,3,1,2,3,0.3,0.47500000025,4.195289680275427,5.703782475656201,-2.7488645537486205,0.16457848020358057,4.5000000005,5.75000000075,5.75000000075,7.000000001,24,150,126,641832.4606504291,80870890.04195407,0
926,2,3,1,2,3,0.6500000005,0.82500000075,4.195289680275427,5.703782475656201,-2.7488645537486205,0.16457848020358057,4.5000000005,5.75000000075,5.75000000075,7.000000001,23,150,127,641832.4606504291,81512722.5026045,0
932,0,1,2,2,3,0.3,0.47500000025,1.1783040895138797,2.6867968848946537,0.16457848020358057,3.0780215141557807,4.5000000005,5.75000000075,5.75000000075,7.000000001,117,150,33,641832.4606504291,21180471.20146416,0
936,0,2,2,2,3,0.3,0.47500000025,2.6867968848946537,4.195289680275427,0.16457848020358057,3.0780215141557807,4.5000000005,5.75000000075,5.75000000075,7.000000001,124,150,26,641832.4606504291,16687643.976911157,0
964,0,1,0,3,3,0.3,0.47500000025,1.1783040895138797,2.6867968848946537,-5.6623075877008215,-2.7488645537486205,5.75000000075,7.000000001,5.75000000075,7.000000001,24,150,126,784461.8963632025,98842198.94176352,0
965,1,1,0,3,3,0.47500000025,0.6500000005,1.1783040895138797,2.6867968848946537,-5.6623075877008215,-2.7488645537486205,5.75000000075,7.000000001,5.75000000075,7.000000001,56,150,94,784461.8963632025,73739418.25814104,0
967,3,1,0,3,3,0.82500000075,1.000000001,1.1783040895138797,2.6867968848946537,-5.6623075877008215,-2.7488645537486205,5.75000000075,7.000000001,5.75000000075,7.000000001,6,150,144,784461.8963632025,112962513.07630116,0
969,1,2,0,3,3,0.47500000025,0.6500000005,2.6867968848946537,4.195289680275427,-5.6623075877008215,-2.7488645537486205,5.75000000075,7.000000001,5.75000000075,7.000000001,5,150,145,784461.8963632025,113746974.97266436,0
974,2,3,0,3,3,0.6500000005,0.82500000075,4.195289680275427,5.703782475656201,-5.6623075877008215,-2.7488645537486205,5.75000000075,7.000000001,5.75000000075,7.000000001,3,150,147,784461.8963632025,115315898.76539077,0
975,3,3,0,3,3,0.82500000075,1.000000001,4.195289680275427,5.703782475656201,-5.6623075877008215,-2.7488645537486205,5.75000000075,7.000000001,5.75000000075,7.000000001,3,150,147,784461.8963632025,115315898.76539077,0
982,2,1,1,3,3,0.6500000005,0.82500000075,1.1783040895138797,2.6867968848946537,-2.7488645537486205,0.16457848020358057,5.75000000075,7.000000001,5.75000000075,7.000000001,102,150,48,784461.8963632025,37654171.02543372,0
987,3,2,1,3,3,0.82500000075,1.000000001,2.6867968848946537,4.195289680275427,-2.7488645537486205,0.16457848020358057,5.75000000075,7.000000001,5.75000000075,7.000000001,14,150,136,784461.8963632025,106686817.90539554,0
989,1,3,1,3,3,0.47500000025,0.6500000005,4.195289680275427,5.703782475656201,-2.7488645537486205,0.16457848020358057,5.75000000075,7.000000001,5.75000000075,7.000000001,31,150,119,784461.8963632025,93350965.6672211,0
990,2,3,1,3,3,0.6500000005,0.82500000075,4.195289680275427,5.703782475656201,-2.7488645537486205,0.16457848020358057,5.75000000075,7.000000001,5.75000000075,7.000000001,21,150,129,784461.8963632025,101195584.63085312,0
991,3,3,1,3,3,0.82500000075,1.000000001,4.195289680275427,5.703782475656201,-2.7488645537486205,0.16457848020358057,5.75000000075,7.000000001,5.75000000075,7.000000001,34,150,116,784461.8963632025,90997579.97813149,0
992,0,0,2,3,3,0.3,0.47500000025,-0.3301887058668941,1.1783040895138797,0.16457848020358057,3.0780215141557807,5.75000000075,7.000000001,5.75000000075,7.000000001,3,150,147,784461.8963632025,115315898.76539077,0
998,2,1,2,3,3,0.6500000005,0.82500000075,1.1783040895138797,2.6867968848946537,0.16457848020358057,3.0780215141557807,5.75000000075,7.000000001,5.75000000075,7.000000001,116,150,34,784461.8963632025,26671704.476348884,0
999,3,1,2,3,3,0.82500000075,1.000000001,1.1783040895138797,2.6867968848946537,0.16457848020358057,3.0780215141557807,5.75000000075,7.000000001,5.75000000075,7.000000001,75,150,75,784461.8963632025,58834642.22724019,0
1003,3,2,2,3,3,0.82500000075,1.000000001,2.6867968848946537,4.195289680275427,0.16457848020358057,3.0780215141557807,5.75000000075,7.000000001,5.75000000075,7.000000001,96,150,54,784461.8963632025,42360942.403612934,0
2,2,0,0,0,0,0.6500000005,0.82500000075,-0.3301887058668941,1.1783040895138797,-5.6623075877008215,-2.7488645537486205,2.0,3.25000000025,2.0,3.25000000025,100,150,50,162078.90417898312,8103945.208949156,1
8,0,2,0,0,0,0.3,0.47500000025,2.6867968848946537,4.195289680275427,-5.6623075877008215,-2.7488645537486205,2.0,3.25000000025,2.0,3.25000000025,100,150,50,162078.90417898312,8103945.208949156,1
9,1,2,0,0,0,0.47500000025,0.6500000005,2.6867968848946537,4.195289680275427,-5.6623075877008215,-2.7488645537486205,2.0,3.25000000025,2.0,3.25000000025,100,150,50,162078.90417898312,8103945.208949156,1
11,3,2,0,0,0,0.82500000075,1.000000001,2.6867968848946537,4.195289680275427,-5.6623075877008215,-2.7488645537486205,2.0,3.25000000025,2.0,3.25000000025,100,150,50,162078.90417898312,8103945.208949156,1
16,0,0,1,0,0,0.3,0.47500000025,-0.3301887058668941,1.1783040895138797,-2.7488645537486205,0.16457848020358057,2.0,3.25000000025,2.0,3.25000000025,100,150,50,162078.90417898312,8103945.208949156,1
20,0,1,1,0,0,0.3,0.47500000025,1.1783040895138797,2.6867968848946537,-2.7488645537486205,0.16457848020358057,2.0,3.25000000025,2.0,3.25000000025,100,150,50,162078.90417898312,8103945.208949156,1
23,3,1,1,0,0,0.82500000075,1.000000001,1.1783040895138797,2.6867968848946537,-2.7488645537486205,0.16457848020358057,2.0,3.25000000025,2.0,3.25000000025,100,150,50,162078.90417898312,8103945.208949156,1
25,1,2,1,0,0,0.47500000025,0.6500000005,2.6867968848946537,4.195289680275427,-2.7488645537486205,0.16457848020358057,2.0,3.25000000025,2.0,3.25000000025,100,150,50,162078.90417898312,8103945.208949156,1
27,3,2,1,0,0,0.82500000075,1.000000001,2.6867968848946537,4.195289680275427,-2.7488645537486205,0.16457848020358057,2.0,3.25000000025,2.0,3.25000000025,100,150,50,162078.90417898312,8103945.208949156,1
31,3,3,1,0,0,0.82500000075,1.000000001,4.195289680275427,5.703782475656201,-2.7488645537486205,0.16457848020358057,2.0,3.25000000025,2.0,3.25000000025,100,150,50,162078.90417898312,8103945.208949156,1
35,3,0,2,0,0,0.82500000075,1.000000001,-0.3301887058668941,1.1783040895138797,0.16457848020358057,3.0780215141557807,2.0,3.25000000025,2.0,3.25000000025,100,150,50,162078.90417898312,8103945.208949156,1
39,3,1,2,0,0,0.82500000075,1.000000001,1.1783040895138797,2.6867968848946537,0.16457848020358057,3.0780215141557807,2.0,3.25000000025,2.0,3.25000000025,137,150,13,162078.90417898312,2107025.754326781,1
49,1,0,3,0,0,0.47500000025,0.6500000005,-0.3301887058668941,1.1783040895138797,3.0780215141557807,5.991464548107982,2.0,3.25000000025,2.0,3.25000000025,100,150,50,162078.90417898312,8103945.208949156,1
66,2,0,0,1,0,0.6500000005,0.82500000075,-0.3301887058668941,1.1783040895138797,-5.6623075877008215,-2.7488645537486205,3.25000000025,4.5000000005,2.0,3.25000000025,100,150,50,226910.46586094942,11345523.293047471,1
68,0,1,0,1,0,0.3,0.47500000025,1.1783040895138797,2.6867968848946537,-5.6623075877008215,-2.7488645537486205,3.25000000025,4.5000000005,2.0,3.25000000025,100,150,50,226910.46586094942,11345523.293047471,1
69,1,1,0,1,0,0.47500000025,0.6500000005,1.1783040895138797,2.6867968848946537,-5.6623075877008215,-2.7488645537486205,3.25000000025,4.5000000005,2.0,3.25000000025,100,150,50,226910.46586094942,11345523.293047471,1
87,3,1,1,1,0,0.82500000075,1.000000001,1.1783040895138797,2.6867968848946537,-2.7488645537486205,0.16457848020358057,3.25000000025,4.5000000005,2.0,3.25000000025,100,150,50,226910.46586094942,11345523.293047471,1
89,1,2,1,1,0,0.47500000025,0.6500000005,2.6867968848946537,4.195289680275427,-2.7488645537486205,0.16457848020358057,3.25000000025,4.5000000005,2.0,3.25000000025,100,150,50,226910.46586094942,11345523.293047471,1
91,3,2,1,1,0,0.82500000075,1.000000001,2.6867968848946537,4.195289680275427,-2.7488645537486205,0.16457848020358057,3.25000000025,4.5000000005,2.0,3.25000000025,100,150,50,226910.46586094942,11345523.293047471,1
96,0,0,2,1,0,0.3,0.47500000025,-0.3301887058668941,1.1783040895138797,0.16457848020358057,3.0780215141557807,3.25000000025,4.5000000005,2.0,3.25000000025,126,150,24,226910.46586094942,5445851.180662787,1
97,1,0,2,1,0,0.47500000025,0.6500000005,-0.3301887058668941,1.1783040895138797,0.16457848020358057,3.0780215141557807,3.25000000025,4.5000000005,2.0,3.25000000025,100,150,50,226910.46586094942,11345523.293047471,1
102,2,1,2,1,0,0.6500000005,0.82500000075,1.1783040895138797,2.6867968848946537,0.16457848020358057,3.0780215141557807,3.25000000025,4.5000000005,2.0,3.25000000025,129,150,21,226910.46586094942,4765119.783079938,1
107,3,2,2,1,0,0.82500000075,1.000000001,2.6867968848946537,4.195289680275427,0.16457848020358057,3.0780215141557807,3.25000000025,4.5000000005,2.0,3.25000000025,138,150,12,226910.46586094942,2722925.5903313933,1
112,0,0,3,1,0,0.3,0.47500000025,-0.3301887058668941,1.1783040895138797,3.0780215141557807,5.991464548107982,3.25000000025,4.5000000005,2.0,3.25000000025,132,150,18,226910.46586094942,4084388.3854970895,1
132,0,1,0,2,0,0.3,0.47500000025,1.1783040895138797,2.6867968848946537,-5.6623075877008215,-2.7488645537486205,4.5000000005,5.75000000075,2.0,3.25000000025,100,150,50,291742.0275429157,14587101.377145786,1
134,2,1,0,2,0,0.6500000005,0.82500000075,1.1783040895138797,2.6867968848946537,-5.6623075877008215,-2.7488645537486205,4.5000000005,5.75000000075,2.0,3.25000000025,100,150,50,291742.0275429157,14587101.377145786,1
138,2,2,0,2,0,0.6500000005,0.82500000075,2.6867968848946537,4.195289680275427,-5.6623075877008215,-2.7488645537486205,4.5000000005,5.75000000075,2.0,3.25000000025,100,150,50,291742.0275429157,14587101.377145786,1
141,1,3,0,2,0,0.47500000025,0.6500000005,4.195289680275427,5.703782475656201,-5.6623075877008215,-2.7488645537486205,4.5000000005,5.75000000075,2.0,3.25000000025,100,150,50,291742.0275429157,14587101.377145786,1
143,3,3,0,2,0,0.82500000075,1.000000001,4.195289680275427,5.703782475656201,-5.6623075877008215,-2.7488645537486205,4.5000000005,5.75000000075,2.0,3.25000000025,100,150,50,291742.0275429157,14587101.377145786,1
144,0,0,1,2,0,0.3,0.47500000025,-0.3301887058668941,1.1783040895138797,-2.7488645537486205,0.16457848020358057,4.5000000005,5.75000000075,2.0,3.25000000025,100,150,50,291742.0275429157,14587101.377145786,1
149,1,1,1,2,0,0.47500000025,0.6500000005,1.1783040895138797,2.6867968848946537,-2.7488645537486205,0.16457848020358057,4.5000000005,5.75000000075,2.0,3.25000000025,100,150,50,291742.0275429157,14587101.377145786,1
152,0,2,1,2,0,0.3,0.47500000025,2.6867968848946537,4.195289680275427,-2.7488645537486205,0.16457848020358057,4.5000000005,5.75000000075,2.0,3.25000000025,100,150,50,291742.0275429157,14587101.377145786,1
153,1,2,1,2,0,0.47500000025,0.6500000005,2.6867968848946537,4.195289680275427,-2.7488645537486205,0.16457848020358057,4.5000000005,5.75000000075,2.0,3.25000000025,100,150,50,291742.0275429157,14587101.377145786,1
155,3,2,1,2,0,0.82500000075,1.000000001,2.6867968848946537,4.195289680275427,-2.7488645537486205,0.16457848020358057,4.5000000005,5.75000000075,2.0,3.25000000025,100,150,50,291742.0275429157,14587101.377145786,1
161,1,0,2,2,0,0.47500000025,0.6500000005,-0.3301887058668941,1.1783040895138797,0.16457848020358057,3.0780215141557807,4.5000000005,5.75000000075,2.0,3.25000000025,100,150,50,291742.0275429157,14587101.377145786,1
162,2,0,2,2,0,0.6500000005,0.82500000075,-0.3301887058668941,1.1783040895138797,0.16457848020358057,3.0780215141557807,4.5000000005,5.75000000075,2.0,3.25000000025,100,150,50,291742.0275429157,14587101.377145786,1
170,2,2,2,2,0,0.6500000005,0.82500000075,2.6867968848946537,4.195289680275427,0.16457848020358057,3.0780215141557807,4.5000000005,5.75000000075,2.0,3.25000000025,136,150,14,291742.0275429157,4084388.38560082,1
177,1,0,3,2,0,0.47500000025,0.6500000005,-0.3301887058668941,1.1783040895138797,3.0780215141557807,5.991464548107982,4.5000000005,5.75000000075,2.0,3.25000000025,118,150,32,291742.0275429157,9335744.881373303,1
179,3,0,3,2,0,0.82500000075,1.000000001,-0.3301887058668941,1.1783040895138797,3.0780215141557807,5.991464548107982,4.5000000005,5.75000000075,2.0,3.25000000025,100,150,50,291742.0275429157,14587101.377145786,1
192,0,0,0,3,0,0.3,0.47500000025,-0.3301887058668941,1.1783040895138797,-5.6623075877008215,-2.7488645537486205,5.75000000075,7.000000001,2.0,3.25000000025,100,150,50,356573.589224882,17828679.461244103,1
193,1,0,0,3,0,0.47500000025,0.6500000005,-0.3301887058668941,1.1783040895138797,-5.6623075877008215,-2.7488645537486205,5.75000000075,7.000000001,2.0,3.25000000025,100,150,50,356573.589224882,17828679.461244103,1
195,3,0,0,3,0,0.82500000075,1.000000001,-0.3301887058668941,1.1783040895138797,-5.6623075877008215,-2.7488645537486205,5.75000000075,7.000000001,2.0,3.25000000025,100,150,50,356573.589224882,17828679.461244103,1
197,1,1,0,3,0,0.47500000025,0.6500000005,1.1783040895138797,2.6867968848946537,-5.6623075877008215,-2.7488645537486205,5.75000000075,7.000000001,2.0,3.25000000025,100,150,50,356573.589224882,17828679.461244103,1
199,3,1,0,3,0,0.82500000075,1.000000001,1.1783040895138797,2.6867968848946537,-5.6623075877008215,-2.7488645537486205,5.75000000075,7.000000001,2.0,3.25000000025,100,150,50,356573.589224882,17828679.461244103,1
203,3,2,0,3,0,0.82500000075,1.000000001,2.6867968848946537,4.195289680275427,-5.6623075877008215,-2.7488645537486205,5.75000000075,7.000000001,2.0,3.25000000025,100,150,50,356573.589224882,17828679.461244103,1
204,0,3,0,3,0,0.3,0.47500000025,4.195289680275427,5.703782475656201,-5.6623075877008215,-2.7488645537486205,5.75000000075,7.000000001,2.0,3.25000000025,100,150,50,356573.589224882,17828679.461244103,1
207,3,3,0,3,0,0.82500000075,1.000000001,4.195289680275427,5.703782475656201,-5.6623075877008215,-2.7488645537486205,5.75000000075,7.000000001,2.0,3.25000000025,100,150,50,356573.589224882,17828679.461244103,1
209,1,0,1,3,0,0.47500000025,0.6500000005,-0.3301887058668941,1.1783040895138797,-2.7488645537486205,0.16457848020358057,5.75000000075,7.000000001,2.0,3.25000000025,100,150,50,356573.589224882,17828679.461244103,1
213,1,1,1,3,0,0.47500000025,0.6500000005,1.1783040895138797,2.6867968848946537,-2.7488645537486205,0.16457848020358057,5.75000000075,7.000000001,2.0,3.25000000025,100,150,50,356573.589224882,17828679.461244103,1
216,0,2,1,3,0,0.3,0.47500000025,2.6867968848946537,4.195289680275427,-2.7488645537486205,0.16457848020358057,5.75000000075,7.000000001,2.0,3.25000000025,100,150,50,356573.589224882,17828679.461244103,1
222,2,3,1,3,0,0.6500000005,0.82500000075,4.195289680275427,5.703782475656201,-2.7488645537486205,0.16457848020358057,5.75000000075,7.000000001,2.0,3.25000000025,100,150,50,356573.589224882,17828679.461244103,1
224,0,0,2,3,0,0.3,0.47500000025,-0.3301887058668941,1.1783040895138797,0.16457848020358057,3.0780215141557807,5.75000000075,7.000000001,2.0,3.25000000025,100,150,50,356573.589224882,17828679.461244103,1
229,1,1,2,3,0,0.47500000025,0.6500000005,1.1783040895138797,2.6867968848946537,0.16457848020358057,3.0780215141557807,5.75000000075,7.000000001,2.0,3.25000000025,130,150,20,356573.589224882,7131471.78449764,1
231,3,1,2,3,0,0.82500000075,1.000000001,1.1783040895138797,2.6867968848946537,0.16457848020358057,3.0780215141557807,5.75000000075,7.000000001,2.0,3.25000000025,100,150,50,356573.589224882,17828679.461244103,1
234,2,2,2,3,0,0.6500000005,0.82500000075,2.6867968848946537,4.195289680275427,0.16457848020358057,3.0780215141557807,5.75000000075,7.000000001,2.0,3.25000000025,100,150,50,356573.589224882,17828679.461244103,1
242,2,0,3,3,0,0.6500000005,0.82500000075,-0.3301887058668941,1.1783040895138797,3.0780215141557807,5.991464548107982,5.75000000075,7.000000001,2.0,3.25000000025,148,150,2,356573.589224882,713147.178449764,1
264,0,2,0,0,1,0.3,0.47500000025,2.6867968848946537,4.195289680275427,-5.6623075877008215,-2.7488645537486205,2.0,3.25000000025,3.25000000025,4.5000000005,100,150,50,226910.46586094942,11345523.293047471,1
272,0,0,1,0,1,0.3,0.47500000025,-0.3301887058668941,1.1783040895138797,-2.7488645537486205,0.16457848020358057,2.0,3.25000000025,3.25000000025,4.5000000005,100,150,50,226910.46586094942,11345523.293047471,1
274,2,0,1,0,1,0.6500000005,0.82500000075,-0.3301887058668941,1.1783040895138797,-2.7488645537486205,0.16457848020358057,2.0,3.25000000025,3.25000000025,4.5000000005,100,150,50,226910.46586094942,11345523.293047471,1
275,3,0,1,0,1,0.82500000075,1.000000001,-0.3301887058668941,1.1783040895138797,-2.7488645537486205,0.16457848020358057,2.0,3.25000000025,3.25000000025,4.5000000005,100,150,50,226910.46586094942,11345523.293047471,1
279,3,1,1,0,1,0.82500000075,1.000000001,1.1783040895138797,2.6867968848946537,-2.7488645537486205,0.16457848020358057,2.0,3.25000000025,3.25000000025,4.5000000005,100,150,50,226910.46586094942,11345523.293047471,1
281,1,2,1,0,1,0.47500000025,0.6500000005,2.6867968848946537,4.195289680275427,-2.7488645537486205,0.16457848020358057,2.0,3.25000000025,3.25000000025,4.5000000005,100,150,50,226910.46586094942,11345523.293047471,1
283,3,2,1,0,1,0.82500000075,1.000000001,2.6867968848946537,4.195289680275427,-2.7488645537486205,0.16457848020358057,2.0,3.25000000025,3.25000000025,4.5000000005,100,150,50,226910.46586094942,11345523.293047471,1
284,0,3,1,0,1,0.3,0.47500000025,4.195289680275427,5.703782475656201,-2.7488645537486205,0.16457848020358057,2.0,3.25000000025,3.25000000025,4.5000000005,100,150,50,226910.46586094942,11345523.293047471,1
285,1,3,1,0,1,0.47500000025,0.6500000005,4.195289680275427,5.703782475656201,-2.7488645537486205,0.16457848020358057,2.0,3.25000000025,3.25000000025,4.5000000005,100,150,50,226910.46586094942,11345523.293047471,1
287,3,3,1,0,1,0.82500000075,1.000000001,4.195289680275427,5.703782475656201,-2.7488645537486205,0.16457848020358057,2.0,3.25000000025,3.25000000025,4.5000000005,100,150,50,226910.46586094942,11345523.293047471,1
288,0,0,2,0,1,0.3,0.47500000025,-0.3301887058668941,1.1783040895138797,0.16457848020358057,3.0780215141557807,2.0,3.25000000025,3.25000000025,4.5000000005,100,150,50,226910.46586094942,11345523.293047471,1
293,1,1,2,0,1,0.47500000025,0.6500000005,1.1783040895138797,2.6867968848946537,0.16457848020358057,3.0780215141557807,2.0,3.25000000025,3.25000000025,4.5000000005,112,150,38,226910.46586094942,8622597.702716079,1
297,1,2,2,0,1,0.47500000025,0.6500000005,2.6867968848946537,4.195289680275427,0.16457848020358057,3.0780215141557807,2.0,3.25000000025,3.25000000025,4.5000000005,100,150,50,226910.46586094942,11345523.293047471,1
306,2,0,3,0,1,0.6500000005,0.82500000075,-0.3301887058668941,1.1783040895138797,3.0780215141557807,5.991464548107982,2.0,3.25000000025,3.25000000025,4.5000000005,100,150,50,226910.46586094942,11345523.293047471,1
307,3,0,3,0,1,0.82500000075,1.000000001,-0.3301887058668941,1.1783040895138797,3.0780215141557807,5.991464548107982,2.0,3.25000000025,3.25000000025,4.5000000005,100,150,50,226910.46586094942,11345523.293047471,1
322,2,0,0,1,1,0.6500000005,0.82500000075,-0.3301887058668941,1.1783040895138797,-5.6623075877008215,-2.7488645537486205,3.25000000025,4.5000000005,3.25000000025,4.5000000005,100,150,50,317674.6522198514,15883732.61099257,1
324,0,1,0,1,1,0.3,0.47500000025,1.1783040895138797,2.6867968848946537,-5.6623075877008215,-2.7488645537486205,3.25000000025,4.5000000005,3.25000000025,4.5000000005,100,150,50,317674.6522198514,15883732.61099257,1
333,1,3,0,1,1,0.47500000025,0.6500000005,4.195289680275427,5.703782475656201,-5.6623075877008215,-2.7488645537486205,3.25000000025,4.5000000005,3.25000000025,4.5000000005,100,150,50,317674.6522198514,15883732.61099257,1
335,3,3,0,1,1,0.82500000075,1.000000001,4.195289680275427,5.703782475656201,-5.6623075877008215,-2.7488645537486205,3.25000000025,4.5000000005,3.25000000025,4.5000000005,100,150,50,317674.6522198514,15883732.61099257,1
336,0,0,1,1,1,0.3,0.47500000025,-0.3301887058668941,1.1783040895138797,-2.7488645537486205,0.16457848020358057,3.25000000025,4.5000000005,3.25000000025,4.5000000005,100,150,50,317674.6522198514,15883732.61099257,1
340,0,1,1,1,1,0.3,0.47500000025,1.1783040895138797,2.6867968848946537,-2.7488645537486205,0.16457848020358057,3.25000000025,4.5000000005,3.25000000025,4.5000000005,100,150,50,317674.6522198514,15883732.61099257,1
341,1,1,1,1,1,0.47500000025,0.6500000005,1.1783040895138797,2.6867968848946537,-2.7488645537486205,0.16457848020358057,3.25000000025,4.5000000005,3.25000000025,4.5000000005,100,150,50,317674.6522198514,15883732.61099257,1
344,0,2,1,1,1,0.3,0.47500000025,2.6867968848946537,4.195289680275427,-2.7488645537486205,0.16457848020358057,3.25000000025,4.5000000005,3.25000000025,4.5000000005,110,150,40,317674.6522198514,12706986.088794056,1
359,3,1,2,1,1,0.82500000075,1.000000001,1.1783040895138797,2.6867968848946537,0.16457848020358057,3.0780215141557807,3.25000000025,4.5000000005,3.25000000025,4.5000000005,98,150,52,317674.6522198514,16519081.915432272,1
361,1,2,2,1,1,0.47500000025,0.6500000005,2.6867968848946537,4.195289680275427,0.16457848020358057,3.0780215141557807,3.25000000025,4.5000000005,3.25000000025,4.5000000005,129,150,21,317674.6522198514,6671167.696616879,1
389,1,1,0,2,1,0.47500000025,0.6500000005,1.1783040895138797,2.6867968848946537,-5.6623075877008215,-2.7488645537486205,4.5000000005,5.75000000075,3.25000000025,4.5000000005,4,150,146,408438.83857875346,59632070.43249801,1
407,3,1,1,2,1,0.82500000075,1.000000001,1.1783040895138797,2.6867968848946537,-2.7488645537486205,0.16457848020358057,4.5000000005,5.75000000075,3.25000000025,4.5000000005,12,150,138,408438.83857875346,56364559.723867975,1
409,1,2,1,2,1,0.47500000025,0.6500000005,2.6867968848946537,4.195289680275427,-2.7488645537486205,0.16457848020358057,4.5000000005,5.75000000075,3.25000000025,4.5000000005,25,150,125,408438.83857875346,51054854.822344184,1
414,2,3,1,2,1,0.6500000005,0.82500000075,4.195289680275427,5.703782475656201,-2.7488645537486205,0.16457848020358057,4.5000000005,5.75000000075,3.25000000025,4.5000000005,46,150,104,408438.83857875346,42477639.21219036,1
415,3,3,1,2,1,0.82500000075,1.000000001,4.195289680275427,5.703782475656201,-2.7488645537486205,0.16457848020358057,4.5000000005,5.75000000075,3.25000000025,4.5000000005,16,150,134,408438.83857875346,54730804.36955296,1
418,2,0,2,2,1,0.6500000005,0.82500000075,-0.3301887058668941,1.1783040895138797,0.16457848020358057,3.0780215141557807,4.5000000005,5.75000000075,3.25000000025,4.5000000005,13,150,137,408438.83857875346,55956120.88528922,1
419,3,0,2,2,1,0.82500000075,1.000000001,-0.3301887058668941,1.1783040895138797,0.16457848020358057,3.0780215141557807,4.5000000005,5.75000000075,3.25000000025,4.5000000005,4,150,146,408438.83857875346,59632070.43249801,1
432,0,0,3,2,1,0.3,0.47500000025,-0.3301887058668941,1.1783040895138797,3.0780215141557807,5.991464548107982,4.5000000005,5.75000000075,3.25000000025,4.5000000005,100,150,50,408438.83857875346,20421941.928937674,1
435,3,0,3,2,1,0.82500000075,1.000000001,-0.3301887058668941,1.1783040895138797,3.0780215141557807,5.991464548107982,4.5000000005,5.75000000075,3.25000000025,4.5000000005,17,150,133,408438.83857875346,54322365.53097421,1
449,1,0,0,3,1,0.47500000025,0.6500000005,-0.3301887058668941,1.1783040895138797,-5.6623075877008215,-2.7488645537486205,5.75000000075,7.000000001,3.25000000025,4.5000000005,13,150,137,499203.0249376555,68390814.4164588,1
450,2,0,0,3,1,0.6500000005,0.82500000075,-0.3301887058668941,1.1783040895138797,-5.6623075877008215,-2.7488645537486205,5.75000000075,7.000000001,3.25000000025,4.5000000005,16,150,134,499203.0249376555,66893205.34164584,1
451,3,0,0,3,1,0.82500000075,1.000000001,-0.3301887058668941,1.1783040895138797,-5.6623075877008215,-2.7488645537486205,5.75000000075,7.000000001,3.25000000025,4.5000000005,5,150,145,499203.0249376555,72384438.61596005,1
453,1,1,0,3,1,0.47500000025,0.6500000005,1.1783040895138797,2.6867968848946537,-5.6623075877008215,-2.7488645537486205,5.75000000075,7.000000001,3.25000000025,4.5000000005,28,150,122,499203.0249376555,60902769.04239397,1
454,2,1,0,3,1,0.6500000005,0.82500000075,1.1783040895138797,2.6867968848946537,-5.6623075877008215,-2.7488645537486205,5.75000000075,7.000000001,3.25000000025,4.5000000005,22,150,128,499203.0249376555,63897987.1920199,1
455,3,1,0,3,1,0.82500000075,1.000000001,1.1783040895138797,2.6867968848946537,-5.6623075877008215,-2.7488645537486205,5.75000000075,7.000000001,3.25000000025,4.5000000005,9,150,141,499203.0249376555,70387626.51620942,1
456,0,2,0,3,1,0.3,0.47500000025,2.6867968848946537,4.195289680275427,-5.6623075877008215,-2.7488645537486205,5.75000000075,7.000000001,3.25000000025,4.5000000005,2,150,148,499203.0249376555,73882047.69077301,1
458,2,2,0,3,1,0.6500000005,0.82500000075,2.6867968848946537,4.195289680275427,-5.6623075877008215,-2.7488645537486205,5.75000000075,7.000000001,3.25000000025,4.5000000005,1,150,149,499203.0249376555,74381250.71571067,1
459,3,2,0,3,1,0.82500000075,1.000000001,2.6867968848946537,4.195289680275427,-5.6623075877008215,-2.7488645537486205,5.75000000075,7.000000001,3.25000000025,4.5000000005,2,150,148,499203.0249376555,73882047.69077301,1
460,0,3,0,3,1,0.3,0.47500000025,4.195289680275427,5.703782475656201,-5.6623075877008215,-2.7488645537486205,5.75000000075,7.000000001,3.25000000025,4.5000000005,3,150,147,499203.0249376555,73382844.66583535,1
462,2,3,0,3,1,0.6500000005,0.82500000075,4.195289680275427,5.703782475656201,-5.6623075877008215,-2.7488645537486205,5.75000000075,7.000000001,3.25000000025,4.5000000005,3,150,147,499203.0249376555,73382844.66583535,1
463,3,3,0,3,1,0.82500000075,1.000000001,4.195289680275427,5.703782475656201,-5.6623075877008215,-2.7488645537486205,5.75000000075,7.000000001,3.25000000025,4.5000000005,100,150,50,499203.0249376555,24960151.246882774,1
464,0,0,1,3,1,0.3,0.47500000025,-0.3301887058668941,1.1783040895138797,-2.7488645537486205,0.16457848020358057,5.75000000075,7.000000001,3.25000000025,4.5000000005,66,150,84,499203.0249376555,41933054.09476306,1
471,3,1,1,3,1,0.82500000075,1.000000001,1.1783040895138797,2.6867968848946537,-2.7488645537486205,0.16457848020358057,5.75000000075,7.000000001,3.25000000025,4.5000000005,25,150,125,499203.0249376555,62400378.11720694,1
474,2,2,1,3,1,0.6500000005,0.82500000075,2.6867968848946537,4.195289680275427,-2.7488645537486205,0.16457848020358057,5.75000000075,7.000000001,3.25000000025,4.5000000005,11,150,139,499203.0249376555,69389220.46633412,1
475,3,2,1,3,1,0.82500000075,1.000000001,2.6867968848946537,4.195289680275427,-2.7488645537486205,0.16457848020358057,5.75000000075,7.000000001,3.25000000025,4.5000000005,13,150,137,499203.0249376555,68390814.4164588,1
477,1,3,1,3,1,0.47500000025,0.6500000005,4.195289680275427,5.703782475656201,-2.7488645537486205,0.16457848020358057,5.75000000075,7.000000001,3.25000000025,4.5000000005,100,150,50,499203.0249376555,24960151.246882774,1
480,0,0,2,3,1,0.3,0.47500000025,-0.3301887058668941,1.1783040895138797,0.16457848020358057,3.0780215141557807,5.75000000075,7.000000001,3.25000000025,4.5000000005,52,150,98,499203.0249376555,48921896.44389024,1
481,1,0,2,3,1,0.47500000025,0.6500000005,-0.3301887058668941,1.1783040895138797,0.16457848020358057,3.0780215141557807,5.75000000075,7.000000001,3.25000000025,4.5000000005,67,150,83,499203.0249376555,41433851.0698254,1
482,2,0,2,3,1,0.6500000005,0.82500000075,-0.3301887058668941,1.1783040895138797,0.16457848020358057,3.0780215141557807,5.75000000075,7.000000001,3.25000000025,4.5000000005,19,150,131,499203.0249376555,65395596.266832866,1
486,2,1,2,3,1,0.6500000005,0.82500000075,1.1783040895138797,2.6867968848946537,0.16457848020358057,3.0780215141557807,5.75000000075,7.000000001,3.25000000025,4.5000000005,89,150,61,499203.0249376555,30451384.521196984,1
488,0,2,2,3,1,0.3,0.47500000025,2.6867968848946537,4.195289680275427,0.16457848020358057,3.0780215141557807,5.75000000075,7.000000001,3.25000000025,4.5000000005,125,150,25,499203.0249376555,12480075.623441387,1
490,2,2,2,3,1,0.6500000005,0.82500000075,2.6867968848946537,4.195289680275427,0.16457848020358057,3.0780215141557807,5.75000000075,7.000000001,3.25000000025,4.5000000005,94,150,56,499203.0249376555,27955369.39650871,1
491,3,2,2,3,1,0.82500000075,1.000000001,2.6867968848946537,4.195289680275427,0.16457848020358057,3.0780215141557807,5.75000000075,7.000000001,3.25000000025,4.5000000005,99,150,51,499203.0249376555,25459354.27182043,1
497,1,0,3,3,1,0.47500000025,0.6500000005,-0.3301887058668941,1.1783040895138797,3.0780215141557807,5.991464548107982,5.75000000075,7.000000001,3.25000000025,4.5000000005,52,150,98,499203.0249376555,48921896.44389024,1
499,3,0,3,3,1,0.82500000075,1.000000001,-0.3301887058668941,1.1783040895138797,3.0780215141557807,5.991464548107982,5.75000000075,7.000000001,3.25000000025,4.5000000005,28,150,122,499203.0249376555,60902769.04239397,1
520,0,2,0,0,2,0.3,0.47500000025,2.6867968848946537,4.195289680275427,-5.6623075877008215,-2.7488645537486205,2.0,3.25000000025,4.5000000005,5.75000000075,2,150,148,291742.0275429157,43177820.07635152,1
524,0,3,0,0,2,0.3,0.47500000025,4.195289680275427,5.703782475656201,-5.6623075877008215,-2.7488645537486205,2.0,3.25000000025,4.5000000005,5.75000000075,100,150,50,291742.0275429157,14587101.377145786,1
525,1,3,0,0,2,0.47500000025,0.6500000005,4.195289680275427,5.703782475656201,-5.6623075877008215,-2.7488645537486205,2.0,3.25000000025,4.5000000005,5.75000000075,4,150,146,291742.0275429157,42594336.02126569,1
528,0,0,1,0,2,0.3,0.47500000025,-0.3301887058668941,1.1783040895138797,-2.7488645537486205,0.16457848020358057,2.0,3.25000000025,4.5000000005,5.75000000075,1,150,149,291742.0275429157,43469562.10389444,1
532,0,1,1,0,2,0.3,0.47500000025,1.1783040895138797,2.6867968848946537,-2.7488645537486205,0.16457848020358057,2.0,3.25000000025,4.5000000005,5.75000000075,100,150,50,291742.0275429157,14587101.377145786,1
533,1,1,1,0,2,0.47500000025,0.6500000005,1.1783040895138797,2.6867968848946537,-2.7488645537486205,0.16457848020358057,2.0,3.25000000025,4.5000000005,5.75000000075,14,150,136,291742.0275429157,39676915.74583654,1
535,3,1,1,0,2,0.82500000075,1.000000001,1.1783040895138797,2.6867968848946537,-2.7488645537486205,0.16457848020358057,2.0,3.25000000025,4.5000000005,5.75000000075,6,150,144,291742.0275429157,42010851.96617986,1
537,1,2,1,0,2,0.47500000025,0.6500000005,2.6867968848946537,4.195289680275427,-2.7488645537486205,0.16457848020358057,2.0,3.25000000025,4.5000000005,5.75000000075,100,150,50,291742.0275429157,14587101.377145786,1
540,0,3,1,0,2,0.3,0.47500000025,4.195289680275427,5.703782475656201,-2.7488645537486205,0.16457848020358057,2.0,3.25000000025,4.5000000005,5.75000000075,23,150,127,291742.0275429157,37051237.49795029,1
543,3,3,1,0,2,0.82500000075,1.000000001,4.195289680275427,5.703782475656201,-2.7488645537486205,0.16457848020358057,2.0,3.25000000025,4.5000000005,5.75000000075,37,150,113,291742.0275429157,32966849.112349477,1
544,0,0,2,0,2,0.3,0.47500000025,-0.3301887058668941,1.1783040895138797,0.16457848020358057,3.0780215141557807,2.0,3.25000000025,4.5000000005,5.75000000075,100,150,50,291742.0275429157,14587101.377145786,1
545,1,0,2,0,2,0.47500000025,0.6500000005,-0.3301887058668941,1.1783040895138797,0.16457848020358057,3.0780215141557807,2.0,3.25000000025,4.5000000005,5.75000000075,2,150,148,291742.0275429157,43177820.07635152,1
549,1,1,2,0,2,0.47500000025,0.6500000005,1.1783040895138797,2.6867968848946537,0.16457848020358057,3.0780215141557807,2.0,3.25000000025,4.5000000005,5.75000000075,100,150,50,291742.0275429157,14587101.377145786,1
550,2,1,2,0,2,0.6500000005,0.82500000075,1.1783040895138797,2.6867968848946537,0.16457848020358057,3.0780215141557807,2.0,3.25000000025,4.5000000005,5.75000000075,77,150,73,291742.0275429157,21297168.010632847,1
551,3,1,2,0,2,0.82500000075,1.000000001,1.1783040895138797,2.6867968848946537,0.16457848020358057,3.0780215141557807,2.0,3.25000000025,4.5000000005,5.75000000075,100,150,50,291742.0275429157,14587101.377145786,1
554,2,2,2,0,2,0.6500000005,0.82500000075,2.6867968848946537,4.195289680275427,0.16457848020358057,3.0780215141557807,2.0,3.25000000025,4.5000000005,5.75000000075,92,150,58,291742.0275429157,16921037.59748911,1
555,3,2,2,0,2,0.82500000075,1.000000001,2.6867968848946537,4.195289680275427,0.16457848020358057,3.0780215141557807,2.0,3.25000000025,4.5000000005,5.75000000075,110,150,40,291742.0275429157,11669681.101716628,1
562,2,0,3,0,2,0.6500000005,0.82500000075,-0.3301887058668941,1.1783040895138797,3.0780215141557807,5.991464548107982,2.0,3.25000000025,4.5000000005,5.75000000075,100,150,50,291742.0275429157,14587101.377145786,1
563,3,0,3,0,2,0.82500000075,1.000000001,-0.3301887058668941,1.1783040895138797,3.0780215141557807,5.991464548107982,2.0,3.25000000025,4.5000000005,5.75000000075,1,150,149,291742.0275429157,43469562.10389444,1
580,0,1,0,1,2,0.3,0.47500000025,1.1783040895138797,2.6867968848946537,-5.6623075877008215,-2.7488645537486205,3.25000000025,4.5000000005,4.5000000005,5.75000000075,19,150,131,408438.83857875346,53505487.8538167,1
581,1,1,0,1,2,0.47500000025,0.6500000005,1.1783040895138797,2.6867968848946537,-5.6623075877008215,-2.7488645537486205,3.25000000025,4.5000000005,4.5000000005,5.75000000075,6,150,144,408438.83857875346,58815192.7553405,1
584,0,2,0,1,2,0.3,0.47500000025,2.6867968848946537,4.195289680275427,-5.6623075877008215,-2.7488645537486205,3.25000000025,4.5000000005,4.5000000005,5.75000000075,100,150,50,408438.83857875346,20421941.928937674,1
585,1,2,0,1,2,0.47500000025,0.6500000005,2.6867968848946537,4.195289680275427,-5.6623075877008215,-2.7488645537486205,3.25000000025,4.5000000005,4.5000000005,5.75000000075,1,150,149,408438.83857875346,60857386.94823427,1
589,1,3,0,1,2,0.47500000025,0.6500000005,4.195289680275427,5.703782475656201,-5.6623075877008215,-2.7488645537486205,3.25000000025,4.5000000005,4.5000000005,5.75000000075,5,150,145,408438.83857875346,59223631.593919255,1
590,2,3,0,1,2,0.6500000005,0.82500000075,4.195289680275427,5.703782475656201,-5.6623075877008215,-2.7488645537486205,3.25000000025,4.5000000005,4.5000000005,5.75000000075,3,150,147,408438.83857875346,60040509.27107676,1
593,1,0,1,1,2,0.47500000025,0.6500000005,-0.3301887058668941,1.1783040895138797,-2.7488645537486205,0.16457848020358057,3.25000000025,4.5000000005,4.5000000005,5.75000000075,1,150,149,408438.83857875346,60857386.94823427,1
600,0,2,1,1,2,0.3,0.47500000025,2.6867968848946537,4.195289680275427,-2.7488645537486205,0.16457848020358057,3.25000000025,4.5000000005,4.5000000005,5.75000000075,100,150,50,408438.83857875346,20421941.928937674,1
601,1,2,1,1,2,0.47500000025,0.6500000005,2.6867968848946537,4.195289680275427,-2.7488645537486205,0.16457848020358057,3.25000000025,4.5000000005,4.5000000005,5.75000000075,23,150,127,408438.83857875346,51871732.49950169,1
604,0,3,1,1,2,0.3,0.47500000025,4.195289680275427,5.703782475656201,-2.7488645537486205,0.16457848020358057,3.25000000025,4.5000000005,4.5000000005,5.75000000075,49,150,101,408438.83857875346,41252322.6964541,1
606,2,3,1,1,2,0.6500000005,0.82500000075,4.195289680275427,5.703782475656201,-2.7488645537486205,0.16457848020358057,3.25000000025,4.5000000005,4.5000000005,5.75000000075,19,150,131,408438.83857875346,53505487.8538167,1
607,3,3,1,1,2,0.82500000075,1.000000001,4.195289680275427,5.703782475656201,-2.7488645537486205,0.16457848020358057,3.25000000025,4.5000000005,4.5000000005,5.75000000075,26,150,124,408438.83857875346,50646415.98376543,1
608,0,0,2,1,2,0.3,0.47500000025,-0.3301887058668941,1.1783040895138797,0.16457848020358057,3.0780215141557807,3.25000000025,4.5000000005,4.5000000005,5.75000000075,14,150,136,408438.83857875346,55547682.04671047,1
610,2,0,2,1,2,0.6500000005,0.82500000075,-0.3301887058668941,1.1783040895138797,0.16457848020358057,3.0780215141557807,3.25000000025,4.5000000005,4.5000000005,5.75000000075,100,150,50,408438.83857875346,20421941.928937674,1
614,2,1,2,1,2,0.6500000005,0.82500000075,1.1783040895138797,2.6867968848946537,0.16457848020358057,3.0780215141557807,3.25000000025,4.5000000005,4.5000000005,5.75000000075,114,150,36,408438.83857875346,14703798.188835125,1
615,3,1,2,1,2,0.82500000075,1.000000001,1.1783040895138797,2.6867968848946537,0.16457848020358057,3.0780215141557807,3.25000000025,4.5000000005,4.5000000005,5.75000000075,66,150,84,408438.83857875346,34308862.44061529,1
617,1,2,2,1,2,0.47500000025,0.6500000005,2.6867968848946537,4.195289680275427,0.16457848020358057,3.0780215141557807,3.25000000025,4.5000000005,4.5000000005,5.75000000075,134,150,16,408438.83857875346,6535021.417260055,1
619,3,2,2,1,2,0.82500000075,1.000000001,2.6867968848946537,4.195289680275427,0.16457848020358057,3.0780215141557807,3.25000000025,4.5000000005,4.5000000005,5.75000000075,98,150,52,408438.83857875346,21238819.60609518,1
627,3,0,3,1,2,0.82500000075,1.000000001,-0.3301887058668941,1.1783040895138797,3.0780215141557807,5.991464548107982,3.25000000025,4.5000000005,4.5000000005,5.75000000075,100,150,50,408438.83857875346,20421941.928937674,1
646,2,1,0,2,2,0.6500000005,0.82500000075,1.1783040895138797,2.6867968848946537,-5.6623075877008215,-2.7488645537486205,4.5000000005,5.75000000075,4.5000000005,5.75000000075,100,150,50,525135.6496145914,26256782.48072957,1
649,1,2,0,2,2,0.47500000025,0.6500000005,2.6867968848946537,4.195289680275427,-5.6623075877008215,-2.7488645537486205,4.5000000005,5.75000000075,4.5000000005,5.75000000075,4,150,146,525135.6496145914,76669804.84373035,1
653,1,3,0,2,2,0.47500000025,0.6500000005,4.195289680275427,5.703782475656201,-5.6623075877008215,-2.7488645537486205,4.5000000005,5.75000000075,4.5000000005,5.75000000075,62,150,88,525135.6496145914,46211937.16608404,1
654,2,3,0,2,2,0.6500000005,0.82500000075,4.195289680275427,5.703782475656201,-5.6623075877008215,-2.7488645537486205,4.5000000005,5.75000000075,4.5000000005,5.75000000075,2,150,148,525135.6496145914,77720076.14295952,1
661,1,1,1,2,2,0.47500000025,0.6500000005,1.1783040895138797,2.6867968848946537,-2.7488645537486205,0.16457848020358057,4.5000000005,5.75000000075,4.5000000005,5.75000000075,27,150,123,525135.6496145914,64591684.90259474,1
666,2,2,1,2,2,0.6500000005,0.82500000075,2.6867968848946537,4.195289680275427,-2.7488645537486205,0.16457848020358057,4.5000000005,5.75000000075,4.5000000005,5.75000000075,15,150,135,525135.6496145914,70893312.69796984,1
667,3,2,1,2,2,0.82500000075,1.000000001,2.6867968848946537,4.195289680275427,-2.7488645537486205,0.16457848020358057,4.5000000005,5.75000000075,4.5000000005,5.75000000075,19,150,131,525135.6496145914,68792770.09951147,1
668,0,3,1,2,2,0.3,0.47500000025,4.195289680275427,5.703782475656201,-2.7488645537486205,0.16457848020358057,4.5000000005,5.75000000075,4.5000000005,5.75000000075,31,150,119,525135.6496145914,62491142.30413637,1
671,3,3,1,2,2,0.82500000075,1.000000001,4.195289680275427,5.703782475656201,-2.7488645537486205,0.16457848020358057,4.5000000005,5.75000000075,4.5000000005,5.75000000075,18,150,132,525135.6496145914,69317905.74912606,1
673,1,0,2,2,2,0.47500000025,0.6500000005,-0.3301887058668941,1.1783040895138797,0.16457848020358057,3.0780215141557807,4.5000000005,5.75000000075,4.5000000005,5.75000000075,5,150,145,525135.6496145914,76144669.19411576,1
674,2,0,2,2,2,0.6500000005,0.82500000075,-0.3301887058668941,1.1783040895138797,0.16457848020358057,3.0780215141557807,4.5000000005,5.75000000075,4.5000000005,5.75000000075,10,150,140,525135.6496145914,73518990.94604279,1
678,2,1,2,2,2,0.6500000005,0.82500000075,1.1783040895138797,2.6867968848946537,0.16457848020358057,3.0780215141557807,4.5000000005,5.75000000075,4.5000000005,5.75000000075,112,150,38,525135.6496145914,19955154.68535447,1
679,3,1,2,2,2,0.82500000075,1.000000001,1.1783040895138797,2.6867968848946537,0.16457848020358057,3.0780215141557807,4.5000000005,5.75000000075,4.5000000005,5.75000000075,55,150,95,525135.6496145914,49887886.71338618,1
682,2,2,2,2,2,0.6500000005,0.82500000075,2.6867968848946537,4.195289680275427,0.16457848020358057,3.0780215141557807,4.5000000005,5.75000000075,4.5000000005,5.75000000075,120,150,30,525135.6496145914,15754069.488437742,1
708,0,1,0,3,2,0.3,0.47500000025,1.1783040895138797,2.6867968848946537,-5.6623075877008215,-2.7488645537486205,5.75000000075,7.000000001,4.5000000005,5.75000000075,9,150,141,641832.4606504291,90498376.9517105,1
713,1,2,0,3,2,0.47500000025,0.6500000005,2.6867968848946537,4.195289680275427,-5.6623075877008215,-2.7488645537486205,5.75000000075,7.000000001,4.5000000005,5.75000000075,4,150,146,641832.4606504291,93707539.25496265,1
715,3,2,0,3,2,0.82500000075,1.000000001,2.6867968848946537,4.195289680275427,-5.6623075877008215,-2.7488645537486205,5.75000000075,7.000000001,4.5000000005,5.75000000075,3,150,147,641832.4606504291,94349371.71561308,1
717,1,3,0,3,2,0.47500000025,0.6500000005,4.195289680275427,5.703782475656201,-5.6623075877008215,-2.7488645537486205,5.75000000075,7.000000001,4.5000000005,5.75000000075,5,150,145,641832.4606504291,93065706.79431222,1
718,2,3,0,3,2,0.6500000005,0.82500000075,4.195289680275427,5.703782475656201,-5.6623075877008215,-2.7488645537486205,5.75000000075,7.000000001,4.5000000005,5.75000000075,3,150,147,641832.4606504291,94349371.71561308,1
719,3,3,0,3,2,0.82500000075,1.000000001,4.195289680275427,5.703782475656201,-5.6623075877008215,-2.7488645537486205,5.75000000075,7.000000001,4.5000000005,5.75000000075,4,150,146,641832.4606504291,93707539.25496265,1
722,2,0,1,3,2,0.6500000005,0.82500000075,-0.3301887058668941,1.1783040895138797,-2.7488645537486205,0.16457848020358057,5.75000000075,7.000000001,4.5000000005,5.75000000075,1,150,149,641832.4606504291,95633036.63691394,1
723,3,0,1,3,2,0.82500000075,1.000000001,-0.3301887058668941,1.1783040895138797,-2.7488645537486205,0.16457848020358057,5.75000000075,7.000000001,4.5000000005,5.75000000075,1,150,149,641832.4606504291,95633036.63691394,1
724,0,1,1,3,2,0.3,0.47500000025,1.1783040895138797,2.6867968848946537,-2.7488645537486205,0.16457848020358057,5.75000000075,7.000000001,4.5000000005,5.75000000075,26,150,124,641832.4606504291,79587225.12065321,1
726,2,1,1,3,2,0.6500000005,0.82500000075,1.1783040895138797,2.6867968848946537,-2.7488645537486205,0.16457848020358057,5.75000000075,7.000000001,4.5000000005,5.75000000075,10,150,140,641832.4606504291,89856544.49106008,1
728,0,2,1,3,2,0.3,0.47500000025,2.6867968848946537,4.195289680275427,-2.7488645537486205,0.16457848020358057,5.75000000075,7.000000001,4.5000000005,5.75000000075,14,150,136,641832.4606504291,87289214.64845836,1
732,0,3,1,3,2,0.3,0.47500000025,4.195289680275427,5.703782475656201,-2.7488645537486205,0.16457848020358057,5.75000000075,7.000000001,4.5000000005,5.75000000075,23,150,127,641832.4606504291,81512722.5026045,1
733,1,3,1,3,2,0.47500000025,0.6500000005,4.195289680275427,5.703782475656201,-2.7488645537486205,0.16457848020358057,5.75000000075,7.000000001,4.5000000005,5.75000000075,22,150,128,641832.4606504291,82154554.96325493,1
735,3,3,1,3,2,0.82500000075,1.000000001,4.195289680275427,5.703782475656201,-2.7488645537486205,0.16457848020358057,5.75000000075,7.000000001,4.5000000005,5.75000000075,23,150,127,641832.4606504291,81512722.5026045,1
736,0,0,2,3,2,0.3,0.47500000025,-0.3301887058668941,1.1783040895138797,0.16457848020358057,3.0780215141557807,5.75000000075,7.000000001,4.5000000005,5.75000000075,2,150,148,641832.4606504291,94991204.17626351,1
739,3,0,2,3,2,0.82500000075,1.000000001,-0.3301887058668941,1.1783040895138797,0.16457848020358057,3.0780215141557807,5.75000000075,7.000000001,4.5000000005,5.75000000075,1,150,149,641832.4606504291,95633036.63691394,1
743,3,1,2,3,2,0.82500000075,1.000000001,1.1783040895138797,2.6867968848946537,0.16457848020358057,3.0780215141557807,5.75000000075,7.000000001,4.5000000005,5.75000000075,61,150,89,641832.4606504291,57123088.99788819,1
744,0,2,2,3,2,0.3,0.47500000025,2.6867968848946537,4.195289680275427,0.16457848020358057,3.0780215141557807,5.75000000075,7.000000001,4.5000000005,5.75000000075,148,150,2,641832.4606504291,1283664.9213008583,1
746,2,2,2,3,2,0.6500000005,0.82500000075,2.6867968848946537,4.195289680275427,0.16457848020358057,3.0780215141557807,5.75000000075,7.000000001,4.5000000005,5.75000000075,94,150,56,641832.4606504291,35942617.79642403,1
747,3,2,2,3,2,0.82500000075,1.000000001,2.6867968848946537,4.195289680275427,0.16457848020358057,3.0780215141557807,5.75000000075,7.000000001,4.5000000005,5.75000000075,89,150,61,641832.4606504291,39151780.09967618,1
753,1,0,3,3,2,0.47500000025,0.6500000005,-0.3301887058668941,1.1783040895138797,3.0780215141557807,5.991464548107982,5.75000000075,7.000000001,4.5000000005,5.75000000075,2,150,148,641832.4606504291,94991204.17626351,1
773,1,1,0,0,3,0.47500000025,0.6500000005,1.1783040895138797,2.6867968848946537,-5.6623075877008215,-2.7488645537486205,2.0,3.25000000025,5.75000000075,7.000000001,7,150,143,356573.589224882,50990023.25915813,1
774,2,1,0,0,3,0.6500000005,0.82500000075,1.1783040895138797,2.6867968848946537,-5.6623075877008215,-2.7488645537486205,2.0,3.25000000025,5.75000000075,7.000000001,3,150,147,356573.589224882,52416317.61605766,1
775,3,1,0,0,3,0.82500000075,1.000000001,1.1783040895138797,2.6867968848946537,-5.6623075877008215,-2.7488645537486205,2.0,3.25000000025,5.75000000075,7.000000001,1,150,149,356573.589224882,53129464.79450742,1
777,1,2,0,0,3,0.47500000025,0.6500000005,2.6867968848946537,4.195289680275427,-5.6623075877008215,-2.7488645537486205,2.0,3.25000000025,5.75000000075,7.000000001,3,150,147,356573.589224882,52416317.61605766,1
780,0,3,0,0,3,0.3,0.47500000025,4.195289680275427,5.703782475656201,-5.6623075877008215,-2.7488645537486205,2.0,3.25000000025,5.75000000075,7.000000001,5,150,145,356573.589224882,51703170.43760789,1
781,1,3,0,0,3,0.47500000025,0.6500000005,4.195289680275427,5.703782475656201,-5.6623075877008215,-2.7488645537486205,2.0,3.25000000025,5.75000000075,7.000000001,9,150,141,356573.589224882,50276876.08070836,1
788,0,1,1,0,3,0.3,0.47500000025,1.1783040895138797,2.6867968848946537,-2.7488645537486205,0.16457848020358057,2.0,3.25000000025,5.75000000075,7.000000001,63,150,87,356573.589224882,31021902.262564734,1
790,2,1,1,0,3,0.6500000005,0.82500000075,1.1783040895138797,2.6867968848946537,-2.7488645537486205,0.16457848020358057,2.0,3.25000000025,5.75000000075,7.000000001,21,150,129,356573.589224882,45997993.01000978,1
791,3,1,1,0,3,0.82500000075,1.000000001,1.1783040895138797,2.6867968848946537,-2.7488645537486205,0.16457848020358057,2.0,3.25000000025,5.75000000075,7.000000001,12,150,138,356573.589224882,49207155.313033715,1
793,1,2,1,0,3,0.47500000025,0.6500000005,2.6867968848946537,4.195289680275427,-2.7488645537486205,0.16457848020358057,2.0,3.25000000025,5.75000000075,7.000000001,10,150,140,356573.589224882,49920302.49148348,1
795,3,2,1,0,3,0.82500000075,1.000000001,2.6867968848946537,4.195289680275427,-2.7488645537486205,0.16457848020358057,2.0,3.25000000025,5.75000000075,7.000000001,18,150,132,356573.589224882,47067713.77768443,1
797,1,3,1,0,3,0.47500000025,0.6500000005,4.195289680275427,5.703782475656201,-2.7488645537486205,0.16457848020358057,2.0,3.25000000025,5.75000000075,7.000000001,16,150,134,356573.589224882,47780860.95613419,1
798,2,3,1,0,3,0.6500000005,0.82500000075,4.195289680275427,5.703782475656201,-2.7488645537486205,0.16457848020358057,2.0,3.25000000025,5.75000000075,7.000000001,20,150,130,356573.589224882,46354566.59923466,1
799,3,3,1,0,3,0.82500000075,1.000000001,4.195289680275427,5.703782475656201,-2.7488645537486205,0.16457848020358057,2.0,3.25000000025,5.75000000075,7.000000001,24,150,126,356573.589224882,44928272.24233513,1
810,2,2,2,0,3,0.6500000005,0.82500000075,2.6867968848946537,4.195289680275427,0.16457848020358057,3.0780215141557807,2.0,3.25000000025,5.75000000075,7.000000001,105,150,45,356573.589224882,16045811.51511969,1
836,0,1,0,1,3,0.3,0.47500000025,1.1783040895138797,2.6867968848946537,-5.6623075877008215,-2.7488645537486205,3.25000000025,4.5000000005,5.75000000075,7.000000001,56,150,94,499203.0249376555,46925084.34413961,1
837,1,1,0,1,3,0.47500000025,0.6500000005,1.1783040895138797,2.6867968848946537,-5.6623075877008215,-2.7488645537486205,3.25000000025,4.5000000005,5.75000000075,7.000000001,21,150,129,499203.0249376555,64397190.216957554,1
839,3,1,0,1,3,0.82500000075,1.000000001,1.1783040895138797,2.6867968848946537,-5.6623075877008215,-2.7488645537486205,3.25000000025,4.5000000005,5.75000000075,7.000000001,12,150,138,499203.0249376555,68890017.44139646,1
840,0,2,0,1,3,0.3,0.47500000025,2.6867968848946537,4.195289680275427,-5.6623075877008215,-2.7488645537486205,3.25000000025,4.5000000005,5.75000000075,7.000000001,26,150,124,499203.0249376555,61901175.09226928,1
842,2,2,0,1,3,0.6500000005,0.82500000075,2.6867968848946537,4.195289680275427,-5.6623075877008215,-2.7488645537486205,3.25000000025,4.5000000005,5.75000000075,7.000000001,18,150,132,499203.0249376555,65894799.291770525,1
843,3,2,0,1,3,0.82500000075,1.000000001,2.6867968848946537,4.195289680275427,-5.6623075877008215,-2.7488645537486205,3.25000000025,4.5000000005,5.75000000075,7.000000001,23,150,127,499203.0249376555,63398784.16708225,1
847,3,3,0,1,3,0.82500000075,1.000000001,4.195289680275427,5.703782475656201,-5.6623075877008215,-2.7488645537486205,3.25000000025,4.5000000005,5.75000000075,7.000000001,18,150,132,499203.0249376555,65894799.291770525,1
852,0,1,1,1,3,0.3,0.47500000025,1.1783040895138797,2.6867968848946537,-2.7488645537486205,0.16457848020358057,3.25000000025,4.5000000005,5.75000000075,7.000000001,90,150,60,499203.0249376555,29952181.496259328,1
857,1,2,1,1,3,0.47500000025,0.6500000005,2.6867968848946537,4.195289680275427,-2.7488645537486205,0.16457848020358057,3.25000000025,4.5000000005,5.75000000075,7.000000001,15,150,135,499203.0249376555,67392408.3665835,1
858,2,2,1,1,3,0.6500000005,0.82500000075,2.6867968848946537,4.195289680275427,-2.7488645537486205,0.16457848020358057,3.25000000025,4.5000000005,5.75000000075,7.000000001,17,150,133,499203.0249376555,66394002.31670818,1
860,0,3,1,1,3,0.3,0.47500000025,4.195289680275427,5.703782475656201,-2.7488645537486205,0.16457848020358057,3.25000000025,4.5000000005,5.75000000075,7.000000001,23,150,127,499203.0249376555,63398784.16708225,1
861,1,3,1,1,3,0.47500000025,0.6500000005,4.195289680275427,5.703782475656201,-2.7488645537486205,0.16457848020358057,3.25000000025,4.5000000005,5.75000000075,7.000000001,19,150,131,499203.0249376555,65395596.266832866,1
870,2,1,2,1,3,0.6500000005,0.82500000075,1.1783040895138797,2.6867968848946537,0.16457848020358057,3.0780215141557807,3.25000000025,4.5000000005,5.75000000075,7.000000001,76,150,74,499203.0249376555,36941023.845386505,1
874,2,2,2,1,3,0.6500000005,0.82500000075,2.6867968848946537,4.195289680275427,0.16457848020358057,3.0780215141557807,3.25000000025,4.5000000005,5.75000000075,7.000000001,91,150,59,499203.0249376555,29452978.471321672,1
875,3,2,2,1,3,0.82500000075,1.000000001,2.6867968848946537,4.195289680275427,0.16457848020358057,3.0780215141557807,3.25000000025,4.5000000005,5.75000000075,7.000000001,105,150,45,499203.0249376555,22464136.122194495,1
902,2,1,0,2,3,0.6500000005,0.82500000075,1.1783040895138797,2.6867968848946537,-5.6623075877008215,-2.7488645537486205,4.5000000005,5.75000000075,5.75000000075,7.000000001,6,150,144,641832.4606504291,92423874.3336618,1
903,3,1,0,2,3,0.82500000075,1.000000001,1.1783040895138797,2.6867968848946537,-5.6623075877008215,-2.7488645537486205,4.5000000005,5.75000000075,5.75000000075,7.000000001,9,150,141,641832.4606504291,90498376.9517105,1
908,0,3,0,2,3,0.3,0.47500000025,4.195289680275427,5.703782475656201,-5.6623075877008215,-2.7488645537486205,4.5000000005,5.75000000075,5.75000000075,7.000000001,5,150,145,641832.4606504291,93065706.79431222,1
910,2,3,0,2,3,0.6500000005,0.82500000075,4.195289680275427,5.703782475656201,-5.6623075877008215,-2.7488645537486205,4.5000000005,5.75000000075,5.75000000075,7.000000001,2,150,148,641832.4606504291,94991204.17626351,1
911,3,3,0,2,3,0.82500000075,1.000000001,4.195289680275427,5.703782475656201,-5.6623075877008215,-2.7488645537486205,4.5000000005,5.75000000075,5.75000000075,7.000000001,4,150,146,641832.4606504291,93707539.25496265,1
916,0,1,1,2,3,0.3,0.47500000025,1.1783040895138797,2.6867968848946537,-2.7488645537486205,0.16457848020358057,4.5000000005,5.75000000075,5.75000000075,7.000000001,21,150,129,641832.4606504291,82796387.42390536,1
917,1,1,1,2,3,0.47500000025,0.6500000005,1.1783040895138797,2.6867968848946537,-2.7488645537486205,0.16457848020358057,4.5000000005,5.75000000075,5.75000000075,7.000000001,15,150,135,641832.4606504291,86647382.18780793,1
919,3,1,1,2,3,0.82500000075,1.000000001,1.1783040895138797,2.6867968848946537,-2.7488645537486205,0.16457848020358057,4.5000000005,5.75000000075,5.75000000075,7.000000001,25,150,125,641832.4606504291,80229057.58130364,1
920,0,2,1,2,3,0.3,0.47500000025,2.6867968848946537,4.195289680275427,-2.7488645537486205,0.16457848020358057,4.5000000005,5.75000000075,5.75000000075,7.000000001,13,150,137,641832.4606504291,87931047.10910879,1
923,3,2,1,2,3,0.82500000075,1.000000001,2.6867968848946537,4.195289680275427,-2.7488645537486205,0.16457848020358057,4.5000000005,5.75000000075,5.75000000075,7.000000001,12,150,138,641832.4606504291,88572879.56975922,1
925,1,3,1,2,3,0.47500000025,0.6500000005,4.195289680275427,5.703782475656201,-2.7488645537486205,0.16457848020358057,4.5000000005,5.75000000075,5.75000000075,7.000000001,35,150,115,641832.4606504291,73810732.97479935,1
927,3,3,1,2,3,0.82500000075,1.000000001,4.195289680275427,5.703782475656201,-2.7488645537486205,0.16457848020358057,4.5000000005,5.75000000075,5.75000000075,7.000000001,30,150,120,641832.4606504291,77019895.2780515,1
933,1,1,2,2,3,0.47500000025,0.6500000005,1.1783040895138797,2.6867968848946537,0.16457848020358057,3.0780215141557807,4.5000000005,5.75000000075,5.75000000075,7.000000001,99,150,51,641832.4606504291,32733455.493171886,1
934,2,1,2,2,3,0.6500000005,0.82500000075,1.1783040895138797,2.6867968848946537,0.16457848020358057,3.0780215141557807,4.5000000005,5.75000000075,5.75000000075,7.000000001,65,150,85,641832.4606504291,54555759.155286476,1
935,3,1,2,2,3,0.82500000075,1.000000001,1.1783040895138797,2.6867968848946537,0.16457848020358057,3.0780215141557807,4.5000000005,5.75000000075,5.75000000075,7.000000001,61,150,89,641832.4606504291,57123088.99788819,1
937,1,2,2,2,3,0.47500000025,0.6500000005,2.6867968848946537,4.195289680275427,0.16457848020358057,3.0780215141557807,4.5000000005,5.75000000075,5.75000000075,7.000000001,114,150,36,641832.4606504291,23105968.58341545,1
938,2,2,2,2,3,0.6500000005,0.82500000075,2.6867968848946537,4.195289680275427,0.16457848020358057,3.0780215141557807,4.5000000005,5.75000000075,5.75000000075,7.000000001,75,150,75,641832.4606504291,48137434.548782185,1
939,3,2,2,2,3,0.82500000075,1.000000001,2.6867968848946537,4.195289680275427,0.16457848020358057,3.0780215141557807,4.5000000005,5.75000000075,5.75000000075,7.000000001,82,150,68,641832.4606504291,43644607.32422918,1
966,2,1,0,3,3,0.6500000005,0.82500000075,1.1783040895138797,2.6867968848946537,-5.6623075877008215,-2.7488645537486205,5.75000000075,7.000000001,5.75000000075,7.000000001,24,150,126,784461.8963632025,98842198.94176352,1
968,0,2,0,3,3,0.3,0.47500000025,2.6867968848946537,4.195289680275427,-5.6623075877008215,-2.7488645537486205,5.75000000075,7.000000001,5.75000000075,7.000000001,64,150,86,784461.8963632025,67463723.08723542,1
970,2,2,0,3,3,0.6500000005,0.82500000075,2.6867968848946537,4.195289680275427,-5.6623075877008215,-2.7488645537486205,5.75000000075,7.000000001,5.75000000075,7.000000001,4,150,146,784461.8963632025,114531436.86902755,1
971,3,2,0,3,3,0.82500000075,1.000000001,2.6867968848946537,4.195289680275427,-5.6623075877008215,-2.7488645537486205,5.75000000075,7.000000001,5.75000000075,7.000000001,4,150,146,784461.8963632025,114531436.86902755,1
972,0,3,0,3,3,0.3,0.47500000025,4.195289680275427,5.703782475656201,-5.6623075877008215,-2.7488645537486205,5.75000000075,7.000000001,5.75000000075,7.000000001,6,150,144,784461.8963632025,112962513.07630116,1
973,1,3,0,3,3,0.47500000025,0.6500000005,4.195289680275427,5.703782475656201,-5.6623075877008215,-2.7488645537486205,5.75000000075,7.000000001,5.75000000075,7.000000001,3,150,147,784461.8963632025,115315898.76539077,1
983,3,1,1,3,3,0.82500000075,1.000000001,1.1783040895138797,2.6867968848946537,-2.7488645537486205,0.16457848020358057,5.75000000075,7.000000001,5.75000000075,7.000000001,20,150,130,784461.8963632025,101980046.52721632,1
985,1,2,1,3,3,0.47500000025,0.6500000005,2.6867968848946537,4.195289680275427,-2.7488645537486205,0.16457848020358057,5.75000000075,7.000000001,5.75000000075,7.000000001,33,150,117,784461.8963632025,91782041.87449469,1
986,2,2,1,3,3,0.6500000005,0.82500000075,2.6867968848946537,4.195289680275427,-2.7488645537486205,0.16457848020358057,5.75000000075,7.000000001,5.75000000075,7.000000001,15,150,135,784461.8963632025,105902356.00903234,1
988,0,3,1,3,3,0.3,0.47500000025,4.195289680275427,5.703782475656201,-2.7488645537486205,0.16457848020358057,5.75000000075,7.000000001,5.75000000075,7.000000001,34,150,116,784461.8963632025,90997579.97813149,1
1001,1,2,2,3,3,0.47500000025,0.6500000005,2.6867968848946537,4.195289680275427,0.16457848020358057,3.0780215141557807,5.75000000075,7.000000001,5.75000000075,7.000000001,128,150,22,784461.8963632025,17258161.719990455,1
1002,2,2,2,3,3,0.6500000005,0.82500000075,2.6867968848946537,4.195289680275427,0.16457848020358057,3.0780215141557807,5.75000000075,7.000000001,5.75000000075,7.000000001,101,150,49,784461.8963632025,38438632.92179692,1
1008,0,0,3,3,3,0.3,0.47500000025,-0.3301887058668941,1.1783040895138797,3.0780215141557807,5.991464548107982,5.75000000075,7.000000001,5.75000000075,7.000000001,3,150,147,784461.8963632025,115315898.76539077,1
